NM,range,mean_max_03,tpr,tnr
0.1,185,0.71068,0.10621,0.10621
0.1,195,0.71068,0.10621,0.10621
0.1,205,0.71068,0.10621,0.10621
0.1,215,0.71068,0.10621,0.10621
0.1,225,0.71068,0.10621,0.10621
0.1,235,0.71068,0.10621,0.10621
0.1,245,0.71068,0.10621,0.10621
0.1,255,0.71068,0.10621,0.10621
0.1,265,0.71068,0.10621,0.10621
0.1,275,0.71068,0.10621,0.10621
0.1,285,0.71068,0.10621,0.10621
0.1,295,0.71068,0.10621,0.10621
0.1,305,0.71068,0.10621,0.10621
0.1,315,0.71068,0.10621,0.10621
0.1,325,0.71068,0.10621,0.10621
0.1,335,0.71068,0.10621,0.10621
0.1,345,0.71068,0.10621,0.10621
0.1,355,0.71068,0.10621,0.10621
0.1,365,0.71068,0.10621,0.10621
0.1,375,0.71068,0.10621,0.10621
0.1,385,0.71068,0.10621,0.10621
0.1,395,0.71068,0.10621,0.10621
0.1,405,0.71068,0.10621,0.10621
0.1,415,0.71068,0.10621,0.10621
0.1,425,0.71068,0.10621,0.10621
0.1,435,0.71068,0.10621,0.10621
0.1,445,0.71068,0.10621,0.10621
0.1,455,0.71068,0.10621,0.10621
0.25,465,0.86906,0.08465,0.08465
0.25,475,0.86906,0.08465,0.08465
0.25,485,0.86906,0.08465,0.08465
0.25,495,0.86906,0.08465,0.08465
0.25,505,0.86906,0.08465,0.08465
0.25,515,0.86906,0.08465,0.08465
0.25,525,0.86906,0.08465,0.08465
0.25,535,0.86906,0.08465,0.08465
0.25,545,0.86906,0.08465,0.08465
0.25,555,0.86906,0.08465,0.08465
0.25,565,0.86906,0.08465,0.08465
0.25,575,0.86906,0.08465,0.08465
0.25,585,0.86906,0.08465,0.08465
0.25,595,0.86906,0.08465,0.08465
0.25,605,0.86906,0.08465,0.08465
0.25,615,0.86906,0.08465,0.08465
0.25,625,0.86906,0.08465,0.08465
0.25,635,0.86906,0.08465,0.08465
0.25,645,0.86906,0.08465,0.08465
0.25,655,0.86906,0.08465,0.08465
0.25,665,0.86906,0.08465,0.08465
0.25,675,0.86906,0.08465,0.08465
0.25,685,0.86906,0.08465,0.08465
0.25,695,0.86906,0.08465,0.08465
0.25,705,0.86906,0.08465,0.08465
0.25,715,0.86906,0.08465,0.08465
0.25,725,0.86906,0.08465,0.08465
0.25,735,0.86906,0.08465,0.08465
0.25,745,0.86906,0.08465,0.08465
0.25,755,0.86906,0.08465,0.08465
0.25,765,0.86906,0.08465,0.08465
0.25,775,0.86906,0.08465,0.08465
0.25,785,0.86906,0.08465,0.08465
0.25,795,0.86906,0.08465,0.08465
0.25,805,0.86906,0.08465,0.08465
0.25,815,0.86906,0.08465,0.08465
0.25,825,0.86906,0.08465,0.08465
0.25,835,0.86906,0.08465,0.08465
0.25,845,0.86906,0.08465,0.08465
0.25,855,0.86906,0.08465,0.08465
0.25,865,0.86906,0.08465,0.08465
0.25,875,0.86906,0.08465,0.08465
0.25,885,0.86906,0.08465,0.08465
0.25,895,0.86906,0.08465,0.08465
0.25,905,0.86906,0.08465,0.08465
0.25,915,0.86906,0.08465,0.08465
0.25,925,0.86906,0.08465,0.08465
0.5,935,0.93279,0.13391,0.13391
0.5,945,0.93279,0.13391,0.13391
0.5,955,0.93279,0.13391,0.13391
0.5,965,0.93279,0.13391,0.13391
0.5,975,0.93279,0.13391,0.13391
0.5,985,0.93279,0.13391,0.13391
0.5,995,0.93279,0.13391,0.13391
0.5,1005,0.93279,0.13391,0.13391
0.5,1015,0.93279,0.13391,0.13391
0.5,1025,0.93279,0.13391,0.13391
0.5,1035,0.93279,0.13391,0.13391
0.5,1045,0.93279,0.13391,0.13391
0.5,1055,0.93279,0.13391,0.13391
0.5,1065,0.93279,0.13391,0.13391
0.5,1075,0.93279,0.13391,0.13391
0.5,1085,0.93279,0.13391,0.13391
0.5,1095,0.93279,0.13391,0.13391
0.5,1105,0.93279,0.13391,0.13391
0.5,1115,0.93279,0.13391,0.13391
0.5,1125,0.93279,0.13391,0.13391
0.5,1135,0.93279,0.13391,0.13391
0.5,1145,0.93279,0.13391,0.13391
0.5,1155,0.93279,0.13391,0.13391
0.5,1165,0.93279,0.13391,0.13391
0.5,1175,0.93279,0.13391,0.13391
0.5,1185,0.93279,0.13391,0.13391
0.5,1195,0.93279,0.13391,0.13391
0.5,1205,0.93279,0.13391,0.13391
0.5,1215,0.93279,0.13391,0.13391
0.5,1225,0.93279,0.13391,0.13391
0.5,1235,0.93279,0.13391,0.13391
0.5,1245,0.93279,0.13391,0.13391
0.5,1255,0.93279,0.13391,0.13391
0.5,1265,0.93279,0.13391,0.13391
0.5,1275,0.93279,0.13391,0.13391
0.5,1285,0.93279,0.13391,0.13391
0.5,1295,0.93279,0.13391,0.13391
0.5,1305,0.93279,0.13391,0.13391
0.5,1315,0.93279,0.13391,0.13391
0.5,1325,0.93279,0.13391,0.13391
0.5,1335,0.93279,0.13391,0.13391
0.5,1345,0.93279,0.13391,0.13391
0.5,1355,0.93279,0.13391,0.13391
0.5,1365,0.93279,0.13391,0.13391
0.5,1375,0.93279,0.13391,0.13391
0.5,1385,0.93279,0.13391,0.13391
0.5,1395,0.93279,0.13391,0.13391
0.5,1405,0.93279,0.13391,0.13391
0.5,1415,0.93279,0.13391,0.13391
0.5,1425,0.93279,0.13391,0.13391
0.5,1435,0.93279,0.13391,0.13391
0.5,1445,0.93279,0.13391,0.13391
0.5,1455,0.93279,0.13391,0.13391
0.5,1465,0.93279,0.13391,0.13391
0.5,1475,0.93279,0.13391,0.13391
0.5,1485,0.93279,0.13391,0.13391
0.5,1495,0.93279,0.13391,0.13391
0.5,1505,0.93279,0.13391,0.13391
0.5,1515,0.93279,0.13391,0.13391
0.5,1525,0.93279,0.13391,0.13391
0.5,1535,0.93279,0.13391,0.13391
0.5,1545,0.93279,0.13391,0.13391
0.5,1555,0.93279,0.13391,0.13391
0.5,1565,0.93279,0.13391,0.13391
0.5,1575,0.93279,0.13391,0.13391
0.5,1585,0.93279,0.13391,0.13391
0.5,1595,0.93279,0.13391,0.13391
0.5,1605,0.93279,0.13391,0.13391
0.5,1615,0.93279,0.13391,0.13391
0.5,1625,0.93279,0.13391,0.13391
0.5,1635,0.93279,0.13391,0.13391
0.5,1645,0.93279,0.13391,0.13391
0.5,1655,0.93279,0.13391,0.13391
0.5,1665,0.93279,0.13391,0.13391
0.5,1675,0.93279,0.13391,0.13391
0.5,1685,0.93279,0.13391,0.13391
0.5,1695,0.93279,0.13391,0.13391
0.5,1705,0.93279,0.13391,0.13391
0.5,1715,0.93279,0.13391,0.13391
0.5,1725,0.93279,0.13391,0.13391
0.5,1735,0.93279,0.13391,0.13391
0.5,1745,0.93279,0.13391,0.13391
0.5,1755,0.93279,0.13391,0.13391
0.5,1765,0.93279,0.13391,0.13391
0.5,1775,0.93279,0.13391,0.13391
0.5,1785,0.93279,0.13391,0.13391
0.5,1795,0.93279,0.13391,0.13391
0.5,1805,0.93279,0.13391,0.13391
0.5,1815,0.93279,0.13391,0.13391
0.5,1825,0.93279,0.13391,0.13391
0.5,1835,0.93279,0.13391,0.13391
0.5,1845,0.93279,0.13391,0.13391
1,1855,0.92076,0.14698,0.14698
1,1865,0.92076,0.14698,0.14698
1,1875,0.92076,0.14698,0.14698
1,1885,0.92076,0.14698,0.14698
1,1895,0.92076,0.14698,0.14698
1,1905,0.92076,0.14698,0.14698
1,1915,0.92076,0.14698,0.14698
1,1925,0.92076,0.14698,0.14698
1,1935,0.92076,0.14698,0.14698
1,1945,0.92076,0.14698,0.14698
1,1955,0.92076,0.14698,0.14698
1,1965,0.92076,0.14698,0.14698
1,1975,0.92076,0.14698,0.14698
1,1985,0.92076,0.14698,0.14698
1,1995,0.92076,0.14698,0.14698
1,2005,0.92076,0.14698,0.14698
1,2015,0.92076,0.14698,0.14698
1,2025,0.92076,0.14698,0.14698
1,2035,0.92076,0.14698,0.14698
1,2045,0.92076,0.14698,0.14698
1,2055,0.92076,0.14698,0.14698
1,2065,0.92076,0.14698,0.14698
1,2075,0.92076,0.14698,0.14698
1,2085,0.92076,0.14698,0.14698
1,2095,0.92076,0.14698,0.14698
1,2105,0.92076,0.14698,0.14698
1,2115,0.92076,0.14698,0.14698
1,2125,0.92076,0.14698,0.14698
1,2135,0.92076,0.14698,0.14698
1,2145,0.92076,0.14698,0.14698
1,2155,0.92076,0.14698,0.14698
1,2165,0.92076,0.14698,0.14698
1,2175,0.92076,0.14698,0.14698
1,2185,0.92076,0.14698,0.14698
1,2195,0.92076,0.14698,0.14698
1,2205,0.92076,0.14698,0.14698
1,2215,0.92076,0.14698,0.14698
1,2225,0.92076,0.14698,0.14698
1,2235,0.92076,0.14698,0.14698
1,2245,0.92076,0.14698,0.14698
1,2255,0.92076,0.14698,0.14698
1,2265,0.92076,0.14698,0.14698
1,2275,0.92076,0.14698,0.14698
1,2285,0.92076,0.14698,0.14698
1,2295,0.92076,0.14698,0.14698
1,2305,0.92076,0.14698,0.14698
1,2315,0.92076,0.14698,0.14698
1,2325,0.92076,0.14698,0.14698
1,2335,0.92076,0.14698,0.14698
1,2345,0.92076,0.14698,0.14698
1,2355,0.92076,0.14698,0.14698
1,2365,0.92076,0.14698,0.14698
1,2375,0.92076,0.14698,0.14698
1,2385,0.92076,0.14698,0.14698
1,2395,0.92076,0.14698,0.14698
1,2405,0.92076,0.14698,0.14698
1,2415,0.92076,0.14698,0.14698
1,2425,0.92076,0.14698,0.14698
1,2435,0.92076,0.14698,0.14698
1,2445,0.92076,0.14698,0.14698
1,2455,0.92076,0.14698,0.14698
1,2465,0.92076,0.14698,0.14698
1,2475,0.92076,0.14698,0.14698
1,2485,0.92076,0.14698,0.14698
1,2495,0.92076,0.14698,0.14698
1,2505,0.92076,0.14698,0.14698
1,2515,0.92076,0.14698,0.14698
1,2525,0.92076,0.14698,0.14698
1,2535,0.92076,0.14698,0.14698
1,2545,0.92076,0.14698,0.14698
1,2555,0.92076,0.14698,0.14698
1,2565,0.92076,0.14698,0.14698
1,2575,0.92076,0.14698,0.14698
1,2585,0.92076,0.14698,0.14698
1,2595,0.92076,0.14698,0.14698
1,2605,0.92076,0.14698,0.14698
1,2615,0.92076,0.14698,0.14698
1,2625,0.92076,0.14698,0.14698
1,2635,0.92076,0.14698,0.14698
1,2645,0.92076,0.14698,0.14698
1,2655,0.92076,0.14698,0.14698
1,2665,0.92076,0.14698,0.14698
1,2675,0.92076,0.14698,0.14698
1,2685,0.92076,0.14698,0.14698
1,2695,0.92076,0.14698,0.14698
1,2705,0.92076,0.14698,0.14698
1,2715,0.92076,0.14698,0.14698
1,2725,0.92076,0.14698,0.14698
1,2735,0.92076,0.14698,0.14698
1,2745,0.92076,0.14698,0.14698
1,2755,0.92076,0.14698,0.14698
1,2765,0.92076,0.14698,0.14698
1.5,2775,0.89884,0.20674,0.20674
1.5,2785,0.89884,0.20674,0.20674
1.5,2795,0.89884,0.20674,0.20674
1.5,2805,0.89884,0.20674,0.20674
1.5,2815,0.89884,0.20674,0.20674
1.5,2825,0.89884,0.20674,0.20674
1.5,2835,0.89884,0.20674,0.20674
1.5,2845,0.89884,0.20674,0.20674
1.5,2855,0.89884,0.20674,0.20674
1.5,2865,0.89884,0.20674,0.20674
1.5,2875,0.89884,0.20674,0.20674
1.5,2885,0.89884,0.20674,0.20674
1.5,2895,0.89884,0.20674,0.20674
1.5,2905,0.89884,0.20674,0.20674
1.5,2915,0.89884,0.20674,0.20674
1.5,2925,0.89884,0.20674,0.20674
1.5,2935,0.89884,0.20674,0.20674
1.5,2945,0.89884,0.20674,0.20674
1.5,2955,0.89884,0.20674,0.20674
1.5,2965,0.89884,0.20674,0.20674
1.5,2975,0.89884,0.20674,0.20674
1.5,2985,0.89884,0.20674,0.20674
1.5,2995,0.89884,0.20674,0.20674
1.5,3005,0.89884,0.20674,0.20674
1.5,3015,0.89884,0.20674,0.20674
1.5,3025,0.89884,0.20674,0.20674
1.5,3035,0.89884,0.20674,0.20674
1.5,3045,0.89884,0.20674,0.20674
1.5,3055,0.89884,0.20674,0.20674
1.5,3065,0.89884,0.20674,0.20674
1.5,3075,0.89884,0.20674,0.20674
1.5,3085,0.89884,0.20674,0.20674
1.5,3095,0.89884,0.20674,0.20674
1.5,3105,0.89884,0.20674,0.20674
1.5,3115,0.89884,0.20674,0.20674
1.5,3125,0.89884,0.20674,0.20674
1.5,3135,0.89884,0.20674,0.20674
1.5,3145,0.89884,0.20674,0.20674
1.5,3155,0.89884,0.20674,0.20674
1.5,3165,0.89884,0.20674,0.20674
1.5,3175,0.89884,0.20674,0.20674
1.5,3185,0.89884,0.20674,0.20674
1.5,3195,0.89884,0.20674,0.20674
1.5,3205,0.89884,0.20674,0.20674
1.5,3215,0.89884,0.20674,0.20674
1.5,3225,0.89884,0.20674,0.20674
1.5,3235,0.89884,0.20674,0.20674
1.5,3245,0.89884,0.20674,0.20674
1.5,3255,0.89884,0.20674,0.20674
1.5,3265,0.89884,0.20674,0.20674
1.5,3275,0.89884,0.20674,0.20674
1.5,3285,0.89884,0.20674,0.20674
1.5,3295,0.89884,0.20674,0.20674
1.5,3305,0.89884,0.20674,0.20674
1.5,3315,0.89884,0.20674,0.20674
1.5,3325,0.89884,0.20674,0.20674
1.5,3335,0.89884,0.20674,0.20674
1.5,3345,0.89884,0.20674,0.20674
1.5,3355,0.89884,0.20674,0.20674
1.5,3365,0.89884,0.20674,0.20674
1.5,3375,0.89884,0.20674,0.20674
1.5,3385,0.89884,0.20674,0.20674
1.5,3395,0.89884,0.20674,0.20674
1.5,3405,0.89884,0.20674,0.20674
1.5,3415,0.89884,0.20674,0.20674
1.5,3425,0.89884,0.20674,0.20674
1.5,3435,0.89884,0.20674,0.20674
1.5,3445,0.89884,0.20674,0.20674
1.5,3455,0.89884,0.20674,0.20674
1.5,3465,0.89884,0.20674,0.20674
1.5,3475,0.89884,0.20674,0.20674
1.5,3485,0.89884,0.20674,0.20674
1.5,3495,0.89884,0.20674,0.20674
1.5,3505,0.89884,0.20674,0.20674
1.5,3515,0.89884,0.20674,0.20674
1.5,3525,0.89884,0.20674,0.20674
1.5,3535,0.89884,0.20674,0.20674
1.5,3545,0.89884,0.20674,0.20674
1.5,3555,0.89884,0.20674,0.20674
1.5,3565,0.89884,0.20674,0.20674
1.5,3575,0.89884,0.20674,0.20674
1.5,3585,0.89884,0.20674,0.20674
1.5,3595,0.89884,0.20674,0.20674
1.5,3605,0.89884,0.20674,0.20674
1.5,3615,0.89884,0.20674,0.20674
1.5,3625,0.89884,0.20674,0.20674
1.5,3635,0.89884,0.20674,0.20674
1.5,3645,0.89884,0.20674,0.20674
1.5,3655,0.89884,0.20674,0.20674
1.5,3665,0.89884,0.20674,0.20674
1.5,3675,0.89884,0.20674,0.20674
1.5,3685,0.89884,0.20674,0.20674
1.5,3695,0.89884,0.20674,0.20674
2,3705,0.85121,0.12347,0.12347
2,3715,0.85121,0.12347,0.12347
2,3725,0.85121,0.12347,0.12347
2,3735,0.85121,0.12347,0.12347
2,3745,0.85121,0.12347,0.12347
2,3755,0.85121,0.12347,0.12347
2,3765,0.85121,0.12347,0.12347
2,3775,0.85121,0.12347,0.12347
2,3785,0.85121,0.12347,0.12347
2,3795,0.85121,0.12347,0.12347
2,3805,0.85121,0.12347,0.12347
2,3815,0.85121,0.12347,0.12347
2,3825,0.85121,0.12347,0.12347
2,3835,0.85121,0.12347,0.12347
2,3845,0.85121,0.12347,0.12347
2,3855,0.85121,0.12347,0.12347
2,3865,0.85121,0.12347,0.12347
2,3875,0.85121,0.12347,0.12347
2,3885,0.85121,0.12347,0.12347
2,3895,0.85121,0.12347,0.12347
2,3905,0.85121,0.12347,0.12347
2,3915,0.85121,0.12347,0.12347
2,3925,0.85121,0.12347,0.12347
2,3935,0.85121,0.12347,0.12347
2,3945,0.85121,0.12347,0.12347
2,3955,0.85121,0.12347,0.12347
2,3965,0.85121,0.12347,0.12347
2,3975,0.85121,0.12347,0.12347
2,3985,0.85121,0.12347,0.12347
2,3995,0.85121,0.12347,0.12347
2,4005,0.85121,0.12347,0.12347
2,4015,0.85121,0.12347,0.12347
2,4025,0.85121,0.12347,0.12347
2,4035,0.85121,0.12347,0.12347
2,4045,0.85121,0.12347,0.12347
2,4055,0.85121,0.12347,0.12347
2,4065,0.85121,0.12347,0.12347
2,4075,0.85121,0.12347,0.12347
2,4085,0.85121,0.12347,0.12347
2,4095,0.85121,0.12347,0.12347
2,4105,0.85121,0.12347,0.12347
2,4115,0.85121,0.12347,0.12347
2,4125,0.85121,0.12347,0.12347
2,4135,0.85121,0.12347,0.12347
2,4145,0.85121,0.12347,0.12347
2,4155,0.85121,0.12347,0.12347
2,4165,0.85121,0.12347,0.12347
2,4175,0.85121,0.12347,0.12347
2,4185,0.85121,0.12347,0.12347
2,4195,0.85121,0.12347,0.12347
2,4205,0.85121,0.12347,0.12347
2,4215,0.85121,0.12347,0.12347
2,4225,0.85121,0.12347,0.12347
2,4235,0.85121,0.12347,0.12347
2,4245,0.85121,0.12347,0.12347
2,4255,0.85121,0.12347,0.12347
2,4265,0.85121,0.12347,0.12347
2,4275,0.85121,0.12347,0.12347
2,4285,0.85121,0.12347,0.12347
2,4295,0.85121,0.12347,0.12347
2,4305,0.85121,0.12347,0.12347
2,4315,0.85121,0.12347,0.12347
2,4325,0.85121,0.12347,0.12347
2,4335,0.85121,0.12347,0.12347
2,4345,0.85121,0.12347,0.12347
2,4355,0.85121,0.12347,0.12347
2,4365,0.85121,0.12347,0.12347
2,4375,0.85121,0.12347,0.12347
2,4385,0.85121,0.12347,0.12347
2,4395,0.85121,0.12347,0.12347
2,4405,0.85121,0.12347,0.12347
2,4415,0.85121,0.12347,0.12347
2,4425,0.85121,0.12347,0.12347
2,4435,0.85121,0.12347,0.12347
2,4445,0.85121,0.12347,0.12347
2,4455,0.85121,0.12347,0.12347
2,4465,0.85121,0.12347,0.12347
2,4475,0.85121,0.12347,0.12347
2,4485,0.85121,0.12347,0.12347
2,4495,0.85121,0.12347,0.12347
2,4505,0.85121,0.12347,0.12347
2,4515,0.85121,0.12347,0.12347
2,4525,0.85121,0.12347,0.12347
2,4535,0.85121,0.12347,0.12347
2,4545,0.85121,0.12347,0.12347
2,4555,0.85121,0.12347,0.12347
2,4565,0.85121,0.12347,0.12347
2,4575,0.85121,0.12347,0.12347
2,4585,0.85121,0.12347,0.12347
2,4595,0.85121,0.12347,0.12347
2,4605,0.85121,0.12347,0.12347
2,4615,0.85121,0.12347,0.12347
2.5,4625,0.79741,0.07709,0.07709
2.5,4635,0.79741,0.07709,0.07709
2.5,4645,0.79741,0.07709,0.07709
2.5,4655,0.79741,0.07709,0.07709
2.5,4665,0.79741,0.07709,0.07709
2.5,4675,0.79741,0.07709,0.07709
2.5,4685,0.79741,0.07709,0.07709
2.5,4695,0.79741,0.07709,0.07709
2.5,4705,0.79741,0.07709,0.07709
2.5,4715,0.79741,0.07709,0.07709
2.5,4725,0.79741,0.07709,0.07709
2.5,4735,0.79741,0.07709,0.07709
2.5,4745,0.79741,0.07709,0.07709
2.5,4755,0.79741,0.07709,0.07709
2.5,4765,0.79741,0.07709,0.07709
2.5,4775,0.79741,0.07709,0.07709
2.5,4785,0.79741,0.07709,0.07709
2.5,4795,0.79741,0.07709,0.07709
2.5,4805,0.79741,0.07709,0.07709
2.5,4815,0.79741,0.07709,0.07709
2.5,4825,0.79741,0.07709,0.07709
2.5,4835,0.79741,0.07709,0.07709
2.5,4845,0.79741,0.07709,0.07709
2.5,4855,0.79741,0.07709,0.07709
2.5,4865,0.79741,0.07709,0.07709
2.5,4875,0.79741,0.07709,0.07709
2.5,4885,0.79741,0.07709,0.07709
2.5,4895,0.79741,0.07709,0.07709
2.5,4905,0.79741,0.07709,0.07709
2.5,4915,0.79741,0.07709,0.07709
2.5,4925,0.79741,0.07709,0.07709
2.5,4935,0.79741,0.07709,0.07709
2.5,4945,0.79741,0.07709,0.07709
2.5,4955,0.79741,0.07709,0.07709
2.5,4965,0.79741,0.07709,0.07709
2.5,4975,0.79741,0.07709,0.07709
2.5,4985,0.79741,0.07709,0.07709
2.5,4995,0.79741,0.07709,0.07709
2.5,5005,0.79741,0.07709,0.07709
2.5,5015,0.79741,0.07709,0.07709
2.5,5025,0.79741,0.07709,0.07709
2.5,5035,0.79741,0.07709,0.07709
2.5,5045,0.79741,0.07709,0.07709
2.5,5055,0.79741,0.07709,0.07709
2.5,5065,0.79741,0.07709,0.07709
2.5,5075,0.79741,0.07709,0.07709
2.5,5085,0.79741,0.07709,0.07709
2.5,5095,0.79741,0.07709,0.07709
2.5,5105,0.79741,0.07709,0.07709
2.5,5115,0.79741,0.07709,0.07709
2.5,5125,0.79741,0.07709,0.07709
2.5,5135,0.79741,0.07709,0.07709
2.5,5145,0.79741,0.07709,0.07709
2.5,5155,0.79741,0.07709,0.07709
2.5,5165,0.79741,0.07709,0.07709
2.5,5175,0.79741,0.07709,0.07709
2.5,5185,0.79741,0.07709,0.07709
2.5,5195,0.79741,0.07709,0.07709
2.5,5205,0.79741,0.07709,0.07709
2.5,5215,0.79741,0.07709,0.07709
2.5,5225,0.79741,0.07709,0.07709
2.5,5235,0.79741,0.07709,0.07709
2.5,5245,0.79741,0.07709,0.07709
2.5,5255,0.79741,0.07709,0.07709
2.5,5265,0.79741,0.07709,0.07709
2.5,5275,0.79741,0.07709,0.07709
2.5,5285,0.79741,0.07709,0.07709
2.5,5295,0.79741,0.07709,0.07709
2.5,5305,0.79741,0.07709,0.07709
2.5,5315,0.79741,0.07709,0.07709
2.5,5325,0.79741,0.07709,0.07709
2.5,5335,0.79741,0.07709,0.07709
2.5,5345,0.79741,0.07709,0.07709
2.5,5355,0.79741,0.07709,0.07709
2.5,5365,0.79741,0.07709,0.07709
2.5,5375,0.79741,0.07709,0.07709
2.5,5385,0.79741,0.07709,0.07709
2.5,5395,0.79741,0.07709,0.07709
2.5,5405,0.79741,0.07709,0.07709
2.5,5415,0.79741,0.07709,0.07709
2.5,5425,0.79741,0.07709,0.07709
2.5,5435,0.79741,0.07709,0.07709
2.5,5445,0.79741,0.07709,0.07709
2.5,5455,0.79741,0.07709,0.07709
2.5,5465,0.79741,0.07709,0.07709
2.5,5475,0.79741,0.07709,0.07709
2.5,5485,0.79741,0.07709,0.07709
2.5,5495,0.79741,0.07709,0.07709
2.5,5505,0.79741,0.07709,0.07709
2.5,5515,0.79741,0.07709,0.07709
2.5,5525,0.79741,0.07709,0.07709
2.5,5535,0.79741,0.07709,0.07709
2.5,5545,0.79741,0.07709,0.07709
3,5555,0.80716,0.04562,0.04562
3,5565,0.80716,0.04562,0.04562
3,5575,0.80716,0.04562,0.04562
3,5585,0.80716,0.04562,0.04562
3,5595,0.80716,0.04562,0.04562
3,5605,0.80716,0.04562,0.04562
3,5615,0.80716,0.04562,0.04562
3,5625,0.80716,0.04562,0.04562
3,5635,0.80716,0.04562,0.04562
3,5645,0.80716,0.04562,0.04562
3,5655,0.80716,0.04562,0.04562
3,5665,0.80716,0.04562,0.04562
3,5675,0.80716,0.04562,0.04562
3,5685,0.80716,0.04562,0.04562
3,5695,0.80716,0.04562,0.04562
3,5705,0.80716,0.04562,0.04562
3,5715,0.80716,0.04562,0.04562
3,5725,0.80716,0.04562,0.04562
3,5735,0.80716,0.04562,0.04562
3,5745,0.80716,0.04562,0.04562
3,5755,0.80716,0.04562,0.04562
3,5765,0.80716,0.04562,0.04562
3,5775,0.80716,0.04562,0.04562
3,5785,0.80716,0.04562,0.04562
3,5795,0.80716,0.04562,0.04562
3,5805,0.80716,0.04562,0.04562
3,5815,0.80716,0.04562,0.04562
3,5825,0.80716,0.04562,0.04562
3,5835,0.80716,0.04562,0.04562
3,5845,0.80716,0.04562,0.04562
3,5855,0.80716,0.04562,0.04562
3,5865,0.80716,0.04562,0.04562
3,5875,0.80716,0.04562,0.04562
3,5885,0.80716,0.04562,0.04562
3,5895,0.80716,0.04562,0.04562
3,5905,0.80716,0.04562,0.04562
3,5915,0.80716,0.04562,0.04562
3,5925,0.80716,0.04562,0.04562
3,5935,0.80716,0.04562,0.04562
3,5945,0.80716,0.04562,0.04562
3,5955,0.80716,0.04562,0.04562
3,5965,0.80716,0.04562,0.04562
3,5975,0.80716,0.04562,0.04562
3,5985,0.80716,0.04562,0.04562
3,5995,0.80716,0.04562,0.04562
3,6005,0.80716,0.04562,0.04562
3,6015,0.80716,0.04562,0.04562
3,6025,0.80716,0.04562,0.04562
3,6035,0.80716,0.04562,0.04562
3,6045,0.80716,0.04562,0.04562
3,6055,0.80716,0.04562,0.04562
3,6065,0.80716,0.04562,0.04562
3,6075,0.80716,0.04562,0.04562
3,6085,0.80716,0.04562,0.04562
3,6095,0.80716,0.04562,0.04562
3,6105,0.80716,0.04562,0.04562
3,6115,0.80716,0.04562,0.04562
3,6125,0.80716,0.04562,0.04562
3,6135,0.80716,0.04562,0.04562
3,6145,0.80716,0.04562,0.04562
3,6155,0.80716,0.04562,0.04562
3,6165,0.80716,0.04562,0.04562
3,6175,0.80716,0.04562,0.04562
3,6185,0.80716,0.04562,0.04562
3,6195,0.80716,0.04562,0.04562
3,6205,0.80716,0.04562,0.04562
3,6215,0.80716,0.04562,0.04562
3,6225,0.80716,0.04562,0.04562
3,6235,0.80716,0.04562,0.04562
3,6245,0.80716,0.04562,0.04562
3,6255,0.80716,0.04562,0.04562
3,6265,0.80716,0.04562,0.04562
3,6275,0.80716,0.04562,0.04562
3,6285,0.80716,0.04562,0.04562
3,6295,0.80716,0.04562,0.04562
3,6305,0.80716,0.04562,0.04562
3,6315,0.80716,0.04562,0.04562
3,6325,0.80716,0.04562,0.04562
3,6335,0.80716,0.04562,0.04562
3,6345,0.80716,0.04562,0.04562
3,6355,0.80716,0.04562,0.04562
3,6365,0.80716,0.04562,0.04562
3,6375,0.80716,0.04562,0.04562
3,6385,0.80716,0.04562,0.04562
3,6395,0.80716,0.04562,0.04562
3,6405,0.80716,0.04562,0.04562
3,6415,0.80716,0.04562,0.04562
3,6425,0.80716,0.04562,0.04562
3,6435,0.80716,0.04562,0.04562
3,6445,0.80716,0.04562,0.04562
3,6455,0.80716,0.04562,0.04562
3,6465,0.80716,0.04562,0.04562
3.5,6475,0.7966,0.02003,0.02003
3.5,6485,0.7966,0.02003,0.02003
3.5,6495,0.7966,0.02003,0.02003
3.5,6505,0.7966,0.02003,0.02003
3.5,6515,0.7966,0.02003,0.02003
3.5,6525,0.7966,0.02003,0.02003
3.5,6535,0.7966,0.02003,0.02003
3.5,6545,0.7966,0.02003,0.02003
3.5,6555,0.7966,0.02003,0.02003
3.5,6565,0.7966,0.02003,0.02003
3.5,6575,0.7966,0.02003,0.02003
3.5,6585,0.7966,0.02003,0.02003
3.5,6595,0.7966,0.02003,0.02003
3.5,6605,0.7966,0.02003,0.02003
3.5,6615,0.7966,0.02003,0.02003
3.5,6625,0.7966,0.02003,0.02003
3.5,6635,0.7966,0.02003,0.02003
3.5,6645,0.7966,0.02003,0.02003
3.5,6655,0.7966,0.02003,0.02003
3.5,6665,0.7966,0.02003,0.02003
3.5,6675,0.7966,0.02003,0.02003
3.5,6685,0.7966,0.02003,0.02003
3.5,6695,0.7966,0.02003,0.02003
3.5,6705,0.7966,0.02003,0.02003
3.5,6715,0.7966,0.02003,0.02003
3.5,6725,0.7966,0.02003,0.02003
3.5,6735,0.7966,0.02003,0.02003
3.5,6745,0.7966,0.02003,0.02003
3.5,6755,0.7966,0.02003,0.02003
3.5,6765,0.7966,0.02003,0.02003
3.5,6775,0.7966,0.02003,0.02003
3.5,6785,0.7966,0.02003,0.02003
3.5,6795,0.7966,0.02003,0.02003
3.5,6805,0.7966,0.02003,0.02003
3.5,6815,0.7966,0.02003,0.02003
3.5,6825,0.7966,0.02003,0.02003
3.5,6835,0.7966,0.02003,0.02003
3.5,6845,0.7966,0.02003,0.02003
3.5,6855,0.7966,0.02003,0.02003
3.5,6865,0.7966,0.02003,0.02003
3.5,6875,0.7966,0.02003,0.02003
3.5,6885,0.7966,0.02003,0.02003
3.5,6895,0.7966,0.02003,0.02003
3.5,6905,0.7966,0.02003,0.02003
3.5,6915,0.7966,0.02003,0.02003
3.5,6925,0.7966,0.02003,0.02003
3.5,6935,0.7966,0.02003,0.02003
3.5,6945,0.7966,0.02003,0.02003
3.5,6955,0.7966,0.02003,0.02003
3.5,6965,0.7966,0.02003,0.02003
3.5,6975,0.7966,0.02003,0.02003
3.5,6985,0.7966,0.02003,0.02003
3.5,6995,0.7966,0.02003,0.02003
3.5,7005,0.7966,0.02003,0.02003
3.5,7015,0.7966,0.02003,0.02003
3.5,7025,0.7966,0.02003,0.02003
3.5,7035,0.7966,0.02003,0.02003
3.5,7045,0.7966,0.02003,0.02003
3.5,7055,0.7966,0.02003,0.02003
3.5,7065,0.7966,0.02003,0.02003
3.5,7075,0.7966,0.02003,0.02003
3.5,7085,0.7966,0.02003,0.02003
3.5,7095,0.7966,0.02003,0.02003
3.5,7105,0.7966,0.02003,0.02003
3.5,7115,0.7966,0.02003,0.02003
3.5,7125,0.7966,0.02003,0.02003
3.5,7135,0.7966,0.02003,0.02003
3.5,7145,0.7966,0.02003,0.02003
3.5,7155,0.7966,0.02003,0.02003
3.5,7165,0.7966,0.02003,0.02003
3.5,7175,0.7966,0.02003,0.02003
3.5,7185,0.7966,0.02003,0.02003
3.5,7195,0.7966,0.02003,0.02003
3.5,7205,0.7966,0.02003,0.02003
3.5,7215,0.7966,0.02003,0.02003
3.5,7225,0.7966,0.02003,0.02003
3.5,7235,0.7966,0.02003,0.02003
3.5,7245,0.7966,0.02003,0.02003
3.5,7255,0.7966,0.02003,0.02003
3.5,7265,0.7966,0.02003,0.02003
3.5,7275,0.7966,0.02003,0.02003
3.5,7285,0.7966,0.02003,0.02003
3.5,7295,0.7966,0.02003,0.02003
3.5,7305,0.7966,0.02003,0.02003
3.5,7315,0.7966,0.02003,0.02003
3.5,7325,0.7966,0.02003,0.02003
3.5,7335,0.7966,0.02003,0.02003
3.5,7345,0.7966,0.02003,0.02003
3.5,7355,0.7966,0.02003,0.02003
3.5,7365,0.7966,0.02003,0.02003
3.5,7375,0.7966,0.02003,0.02003
3.5,7385,0.7966,0.02003,0.02003
3.5,7395,0.7966,0.02003,0.02003
4,7405,0.74737,0.02003,0.02003
4,7415,0.74737,0.02003,0.02003
4,7425,0.74737,0.02003,0.02003
4,7435,0.74737,0.02003,0.02003
4,7445,0.74737,0.02003,0.02003
4,7455,0.74737,0.02003,0.02003
4,7465,0.74737,0.02003,0.02003
4,7475,0.74737,0.02003,0.02003
4,7485,0.74737,0.02003,0.02003
4,7495,0.74737,0.02003,0.02003
4,7505,0.74737,0.02003,0.02003
4,7515,0.74737,0.02003,0.02003
4,7525,0.74737,0.02003,0.02003
4,7535,0.74737,0.02003,0.02003
4,7545,0.74737,0.02003,0.02003
4,7555,0.74737,0.02003,0.02003
4,7565,0.74737,0.02003,0.02003
4,7575,0.74737,0.02003,0.02003
4,7585,0.74737,0.02003,0.02003
4,7595,0.74737,0.02003,0.02003
4,7605,0.74737,0.02003,0.02003
4,7615,0.74737,0.02003,0.02003
4,7625,0.74737,0.02003,0.02003
4,7635,0.74737,0.02003,0.02003
4,7645,0.74737,0.02003,0.02003
4,7655,0.74737,0.02003,0.02003
4,7665,0.74737,0.02003,0.02003
4,7675,0.74737,0.02003,0.02003
4,7685,0.74737,0.02003,0.02003
4,7695,0.74737,0.02003,0.02003
4,7705,0.74737,0.02003,0.02003
4,7715,0.74737,0.02003,0.02003
4,7725,0.74737,0.02003,0.02003
4,7735,0.74737,0.02003,0.02003
4,7745,0.74737,0.02003,0.02003
4,7755,0.74737,0.02003,0.02003
4,7765,0.74737,0.02003,0.02003
4,7775,0.74737,0.02003,0.02003
4,7785,0.74737,0.02003,0.02003
4,7795,0.74737,0.02003,0.02003
4,7805,0.74737,0.02003,0.02003
4,7815,0.74737,0.02003,0.02003
4,7825,0.74737,0.02003,0.02003
4,7835,0.74737,0.02003,0.02003
4,7845,0.74737,0.02003,0.02003
4,7855,0.74737,0.02003,0.02003
4,7865,0.74737,0.02003,0.02003
4,7875,0.74737,0.02003,0.02003
4,7885,0.74737,0.02003,0.02003
4,7895,0.74737,0.02003,0.02003
4,7905,0.74737,0.02003,0.02003
4,7915,0.74737,0.02003,0.02003
4,7925,0.74737,0.02003,0.02003
4,7935,0.74737,0.02003,0.02003
4,7945,0.74737,0.02003,0.02003
4,7955,0.74737,0.02003,0.02003
4,7965,0.74737,0.02003,0.02003
4,7975,0.74737,0.02003,0.02003
4,7985,0.74737,0.02003,0.02003
4,7995,0.74737,0.02003,0.02003
4,8005,0.74737,0.02003,0.02003
4,8015,0.74737,0.02003,0.02003
4,8025,0.74737,0.02003,0.02003
4,8035,0.74737,0.02003,0.02003
4,8045,0.74737,0.02003,0.02003
4,8055,0.74737,0.02003,0.02003
4,8065,0.74737,0.02003,0.02003
4,8075,0.74737,0.02003,0.02003
4,8085,0.74737,0.02003,0.02003
4,8095,0.74737,0.02003,0.02003
4,8105,0.74737,0.02003,0.02003
4,8115,0.74737,0.02003,0.02003
4,8125,0.74737,0.02003,0.02003
4,8135,0.74737,0.02003,0.02003
4,8145,0.74737,0.02003,0.02003
4,8155,0.74737,0.02003,0.02003
4,8165,0.74737,0.02003,0.02003
4,8175,0.74737,0.02003,0.02003
4,8185,0.74737,0.02003,0.02003
4,8195,0.74737,0.02003,0.02003
4,8205,0.74737,0.02003,0.02003
4,8215,0.74737,0.02003,0.02003
4,8225,0.74737,0.02003,0.02003
4,8235,0.74737,0.02003,0.02003
4,8245,0.74737,0.02003,0.02003
4,8255,0.74737,0.02003,0.02003
4,8265,0.74737,0.02003,0.02003
4,8275,0.74737,0.02003,0.02003
4,8285,0.74737,0.02003,0.02003
4,8295,0.74737,0.02003,0.02003
4,8305,0.74737,0.02003,0.02003
4,8315,0.74737,0.02003,0.02003
4.5,8325,0.73802,0.00781,0.00781
4.5,8335,0.73802,0.00781,0.00781
4.5,8345,0.73802,0.00781,0.00781
4.5,8355,0.73802,0.00781,0.00781
4.5,8365,0.73802,0.00781,0.00781
4.5,8375,0.73802,0.00781,0.00781
4.5,8385,0.73802,0.00781,0.00781
4.5,8395,0.73802,0.00781,0.00781
4.5,8405,0.73802,0.00781,0.00781
4.5,8415,0.73802,0.00781,0.00781
4.5,8425,0.73802,0.00781,0.00781
4.5,8435,0.73802,0.00781,0.00781
4.5,8445,0.73802,0.00781,0.00781
4.5,8455,0.73802,0.00781,0.00781
4.5,8465,0.73802,0.00781,0.00781
4.5,8475,0.73802,0.00781,0.00781
4.5,8485,0.73802,0.00781,0.00781
4.5,8495,0.73802,0.00781,0.00781
4.5,8505,0.73802,0.00781,0.00781
4.5,8515,0.73802,0.00781,0.00781
4.5,8525,0.73802,0.00781,0.00781
4.5,8535,0.73802,0.00781,0.00781
4.5,8545,0.73802,0.00781,0.00781
4.5,8555,0.73802,0.00781,0.00781
4.5,8565,0.73802,0.00781,0.00781
4.5,8575,0.73802,0.00781,0.00781
4.5,8585,0.73802,0.00781,0.00781
4.5,8595,0.73802,0.00781,0.00781
4.5,8605,0.73802,0.00781,0.00781
4.5,8615,0.73802,0.00781,0.00781
4.5,8625,0.73802,0.00781,0.00781
4.5,8635,0.73802,0.00781,0.00781
4.5,8645,0.73802,0.00781,0.00781
4.5,8655,0.73802,0.00781,0.00781
4.5,8665,0.73802,0.00781,0.00781
4.5,8675,0.73802,0.00781,0.00781
4.5,8685,0.73802,0.00781,0.00781
4.5,8695,0.73802,0.00781,0.00781
4.5,8705,0.73802,0.00781,0.00781
4.5,8715,0.73802,0.00781,0.00781
4.5,8725,0.73802,0.00781,0.00781
4.5,8735,0.73802,0.00781,0.00781
4.5,8745,0.73802,0.00781,0.00781
4.5,8755,0.73802,0.00781,0.00781
4.5,8765,0.73802,0.00781,0.00781
4.5,8775,0.73802,0.00781,0.00781
4.5,8785,0.73802,0.00781,0.00781
4.5,8795,0.73802,0.00781,0.00781
4.5,8805,0.73802,0.00781,0.00781
4.5,8815,0.73802,0.00781,0.00781
4.5,8825,0.73802,0.00781,0.00781
4.5,8835,0.73802,0.00781,0.00781
4.5,8845,0.73802,0.00781,0.00781
4.5,8855,0.73802,0.00781,0.00781
4.5,8865,0.73802,0.00781,0.00781
4.5,8875,0.73802,0.00781,0.00781
4.5,8885,0.73802,0.00781,0.00781
4.5,8895,0.73802,0.00781,0.00781
4.5,8905,0.73802,0.00781,0.00781
4.5,8915,0.73802,0.00781,0.00781
4.5,8925,0.73802,0.00781,0.00781
4.5,8935,0.73802,0.00781,0.00781
4.5,8945,0.73802,0.00781,0.00781
4.5,8955,0.73802,0.00781,0.00781
4.5,8965,0.73802,0.00781,0.00781
4.5,8975,0.73802,0.00781,0.00781
4.5,8985,0.73802,0.00781,0.00781
4.5,8995,0.73802,0.00781,0.00781
4.5,9005,0.73802,0.00781,0.00781
4.5,9015,0.73802,0.00781,0.00781
4.5,9025,0.73802,0.00781,0.00781
4.5,9035,0.73802,0.00781,0.00781
4.5,9045,0.73802,0.00781,0.00781
4.5,9055,0.73802,0.00781,0.00781
4.5,9065,0.73802,0.00781,0.00781
4.5,9075,0.73802,0.00781,0.00781
4.5,9085,0.73802,0.00781,0.00781
4.5,9095,0.73802,0.00781,0.00781
4.5,9105,0.73802,0.00781,0.00781
4.5,9115,0.73802,0.00781,0.00781
4.5,9125,0.73802,0.00781,0.00781
4.5,9135,0.73802,0.00781,0.00781
4.5,9145,0.73802,0.00781,0.00781
4.5,9155,0.73802,0.00781,0.00781
4.5,9165,0.73802,0.00781,0.00781
4.5,9175,0.73802,0.00781,0.00781
4.5,9185,0.73802,0.00781,0.00781
4.5,9195,0.73802,0.00781,0.00781
4.5,9205,0.73802,0.00781,0.00781
4.5,9215,0.73802,0.00781,0.00781
4.5,9225,0.73802,0.00781,0.00781
4.5,9235,0.73802,0.00781,0.00781
4.5,9245,0.73802,0.00781,0.00781
5,9255,0.71379,0.00284,0.00284
5,9265,0.71379,0.00284,0.00284
5,9275,0.71379,0.00284,0.00284
5,9285,0.71379,0.00284,0.00284
5,9295,0.71379,0.00284,0.00284
5,9305,0.71379,0.00284,0.00284
5,9315,0.71379,0.00284,0.00284
5,9325,0.71379,0.00284,0.00284
5,9335,0.71379,0.00284,0.00284
5,9345,0.71379,0.00284,0.00284
5,9355,0.71379,0.00284,0.00284
5,9365,0.71379,0.00284,0.00284
5,9375,0.71379,0.00284,0.00284
5,9385,0.71379,0.00284,0.00284
5,9395,0.71379,0.00284,0.00284
5,9405,0.71379,0.00284,0.00284
5,9415,0.71379,0.00284,0.00284
5,9425,0.71379,0.00284,0.00284
5,9435,0.71379,0.00284,0.00284
5,9445,0.71379,0.00284,0.00284
5,9455,0.71379,0.00284,0.00284
5,9465,0.71379,0.00284,0.00284
5,9475,0.71379,0.00284,0.00284
5,9485,0.71379,0.00284,0.00284
5,9495,0.71379,0.00284,0.00284
5,9505,0.71379,0.00284,0.00284
5,9515,0.71379,0.00284,0.00284
5,9525,0.71379,0.00284,0.00284
5,9535,0.71379,0.00284,0.00284
5,9545,0.71379,0.00284,0.00284
5,9555,0.71379,0.00284,0.00284
5,9565,0.71379,0.00284,0.00284
5,9575,0.71379,0.00284,0.00284
5,9585,0.71379,0.00284,0.00284
5,9595,0.71379,0.00284,0.00284
5,9605,0.71379,0.00284,0.00284
5,9615,0.71379,0.00284,0.00284
5,9625,0.71379,0.00284,0.00284
5,9635,0.71379,0.00284,0.00284
5,9645,0.71379,0.00284,0.00284
5,9655,0.71379,0.00284,0.00284
5,9665,0.71379,0.00284,0.00284
5,9675,0.71379,0.00284,0.00284
5,9685,0.71379,0.00284,0.00284
5,9695,0.71379,0.00284,0.00284
5,9705,0.71379,0.00284,0.00284
5,9715,0.71379,0.00284,0.00284
5,9725,0.71379,0.00284,0.00284
5,9735,0.71379,0.00284,0.00284
5,9745,0.71379,0.00284,0.00284
5,9755,0.71379,0.00284,0.00284
5,9765,0.71379,0.00284,0.00284
5,9775,0.71379,0.00284,0.00284
5,9785,0.71379,0.00284,0.00284
5,9795,0.71379,0.00284,0.00284
5,9805,0.71379,0.00284,0.00284
5,9815,0.71379,0.00284,0.00284
5,9825,0.71379,0.00284,0.00284
5,9835,0.71379,0.00284,0.00284
5,9845,0.71379,0.00284,0.00284
5,9855,0.71379,0.00284,0.00284
5,9865,0.71379,0.00284,0.00284
5,9875,0.71379,0.00284,0.00284
5,9885,0.71379,0.00284,0.00284
5,9895,0.71379,0.00284,0.00284
5,9905,0.71379,0.00284,0.00284
5,9915,0.71379,0.00284,0.00284
5,9925,0.71379,0.00284,0.00284
5,9935,0.71379,0.00284,0.00284
5,9945,0.71379,0.00284,0.00284
5,9955,0.71379,0.00284,0.00284
5,9965,0.71379,0.00284,0.00284
5,9975,0.71379,0.00284,0.00284
5,9985,0.71379,0.00284,0.00284
5,9995,0.71379,0.00284,0.00284
5,10005,0.71379,0.00284,0.00284
5,10015,0.71379,0.00284,0.00284
5,10025,0.71379,0.00284,0.00284
5,10035,0.71379,0.00284,0.00284
5,10045,0.71379,0.00284,0.00284
5,10055,0.71379,0.00284,0.00284
5,10065,0.71379,0.00284,0.00284
5,10075,0.71379,0.00284,0.00284
5,10085,0.71379,0.00284,0.00284
5,10095,0.71379,0.00284,0.00284
5,10105,0.71379,0.00284,0.00284
5,10115,0.71379,0.00284,0.00284
5,10125,0.71379,0.00284,0.00284
5,10135,0.71379,0.00284,0.00284
5,10145,0.71379,0.00284,0.00284
5,10155,0.71379,0.00284,0.00284
5,10165,0.71379,0.00284,0.00284
5.5,10175,0.58062,0.0036,0.0036
5.5,10185,0.58062,0.0036,0.0036
5.5,10195,0.58062,0.0036,0.0036
5.5,10205,0.58062,0.0036,0.0036
5.5,10215,0.58062,0.0036,0.0036
5.5,10225,0.58062,0.0036,0.0036
5.5,10235,0.58062,0.0036,0.0036
5.5,10245,0.58062,0.0036,0.0036
5.5,10255,0.58062,0.0036,0.0036
5.5,10265,0.58062,0.0036,0.0036
5.5,10275,0.58062,0.0036,0.0036
5.5,10285,0.58062,0.0036,0.0036
5.5,10295,0.58062,0.0036,0.0036
5.5,10305,0.58062,0.0036,0.0036
5.5,10315,0.58062,0.0036,0.0036
5.5,10325,0.58062,0.0036,0.0036
5.5,10335,0.58062,0.0036,0.0036
5.5,10345,0.58062,0.0036,0.0036
5.5,10355,0.58062,0.0036,0.0036
5.5,10365,0.58062,0.0036,0.0036
5.5,10375,0.58062,0.0036,0.0036
5.5,10385,0.58062,0.0036,0.0036
5.5,10395,0.58062,0.0036,0.0036
5.5,10405,0.58062,0.0036,0.0036
5.5,10415,0.58062,0.0036,0.0036
5.5,10425,0.58062,0.0036,0.0036
5.5,10435,0.58062,0.0036,0.0036
5.5,10445,0.58062,0.0036,0.0036
5.5,10455,0.58062,0.0036,0.0036
5.5,10465,0.58062,0.0036,0.0036
5.5,10475,0.58062,0.0036,0.0036
5.5,10485,0.58062,0.0036,0.0036
5.5,10495,0.58062,0.0036,0.0036
5.5,10505,0.58062,0.0036,0.0036
5.5,10515,0.58062,0.0036,0.0036
5.5,10525,0.58062,0.0036,0.0036
5.5,10535,0.58062,0.0036,0.0036
5.5,10545,0.58062,0.0036,0.0036
5.5,10555,0.58062,0.0036,0.0036
5.5,10565,0.58062,0.0036,0.0036
5.5,10575,0.58062,0.0036,0.0036
5.5,10585,0.58062,0.0036,0.0036
5.5,10595,0.58062,0.0036,0.0036
5.5,10605,0.58062,0.0036,0.0036
5.5,10615,0.58062,0.0036,0.0036
5.5,10625,0.58062,0.0036,0.0036
5.5,10635,0.58062,0.0036,0.0036
5.5,10645,0.58062,0.0036,0.0036
5.5,10655,0.58062,0.0036,0.0036
5.5,10665,0.58062,0.0036,0.0036
5.5,10675,0.58062,0.0036,0.0036
5.5,10685,0.58062,0.0036,0.0036
5.5,10695,0.58062,0.0036,0.0036
5.5,10705,0.58062,0.0036,0.0036
5.5,10715,0.58062,0.0036,0.0036
5.5,10725,0.58062,0.0036,0.0036
5.5,10735,0.58062,0.0036,0.0036
5.5,10745,0.58062,0.0036,0.0036
5.5,10755,0.58062,0.0036,0.0036
5.5,10765,0.58062,0.0036,0.0036
5.5,10775,0.58062,0.0036,0.0036
5.5,10785,0.58062,0.0036,0.0036
5.5,10795,0.58062,0.0036,0.0036
5.5,10805,0.58062,0.0036,0.0036
5.5,10815,0.58062,0.0036,0.0036
5.5,10825,0.58062,0.0036,0.0036
5.5,10835,0.58062,0.0036,0.0036
5.5,10845,0.58062,0.0036,0.0036
5.5,10855,0.58062,0.0036,0.0036
5.5,10865,0.58062,0.0036,0.0036
5.5,10875,0.58062,0.0036,0.0036
5.5,10885,0.58062,0.0036,0.0036
5.5,10895,0.58062,0.0036,0.0036
5.5,10905,0.58062,0.0036,0.0036
5.5,10915,0.58062,0.0036,0.0036
5.5,10925,0.58062,0.0036,0.0036
5.5,10935,0.58062,0.0036,0.0036
5.5,10945,0.58062,0.0036,0.0036
5.5,10955,0.58062,0.0036,0.0036
5.5,10965,0.58062,0.0036,0.0036
5.5,10975,0.58062,0.0036,0.0036
5.5,10985,0.58062,0.0036,0.0036
5.5,10995,0.58062,0.0036,0.0036
5.5,11005,0.58062,0.0036,0.0036
5.5,11015,0.58062,0.0036,0.0036
5.5,11025,0.58062,0.0036,0.0036
5.5,11035,0.58062,0.0036,0.0036
5.5,11045,0.58062,0.0036,0.0036
5.5,11055,0.58062,0.0036,0.0036
5.5,11065,0.58062,0.0036,0.0036
5.5,11075,0.58062,0.0036,0.0036
5.5,11085,0.58062,0.0036,0.0036
5.5,11095,0.58062,0.0036,0.0036
5.5,11105,0.58062,0.0036,0.0036
5.5,11115,0.58062,0.0036,0.0036
5.5,11125,0.58062,0.0036,0.0036
5.5,11135,0.58062,0.0036,0.0036
5.5,11145,0.58062,0.0036,0.0036
5.5,11155,0.58062,0.0036,0.0036
5.5,11165,0.58062,0.0036,0.0036
6,11175,0.54793,0.0027,0.0027
6,11185,0.54793,0.0027,0.0027
6,11195,0.54793,0.0027,0.0027
6,11205,0.54793,0.0027,0.0027
6,11215,0.54793,0.0027,0.0027
6,11225,0.54793,0.0027,0.0027
6,11235,0.54793,0.0027,0.0027
6,11245,0.54793,0.0027,0.0027
6,11255,0.54793,0.0027,0.0027
6,11265,0.54793,0.0027,0.0027
6,11275,0.54793,0.0027,0.0027
6,11285,0.54793,0.0027,0.0027
6,11295,0.54793,0.0027,0.0027
6,11305,0.54793,0.0027,0.0027
6,11315,0.54793,0.0027,0.0027
6,11325,0.54793,0.0027,0.0027
6,11335,0.54793,0.0027,0.0027
6,11345,0.54793,0.0027,0.0027
6,11355,0.54793,0.0027,0.0027
6,11365,0.54793,0.0027,0.0027
6,11375,0.54793,0.0027,0.0027
6,11385,0.54793,0.0027,0.0027
6,11395,0.54793,0.0027,0.0027
6,11405,0.54793,0.0027,0.0027
6,11415,0.54793,0.0027,0.0027
6,11425,0.54793,0.0027,0.0027
6,11435,0.54793,0.0027,0.0027
6,11445,0.54793,0.0027,0.0027
6,11455,0.54793,0.0027,0.0027
6,11465,0.54793,0.0027,0.0027
6,11475,0.54793,0.0027,0.0027
6,11485,0.54793,0.0027,0.0027
6,11495,0.54793,0.0027,0.0027
6,11505,0.54793,0.0027,0.0027
6,11515,0.54793,0.0027,0.0027
6,11525,0.54793,0.0027,0.0027
6,11535,0.54793,0.0027,0.0027
6,11545,0.54793,0.0027,0.0027
6,11555,0.54793,0.0027,0.0027
6,11565,0.54793,0.0027,0.0027
6,11575,0.54793,0.0027,0.0027
6,11585,0.54793,0.0027,0.0027
6,11595,0.54793,0.0027,0.0027
6,11605,0.54793,0.0027,0.0027
6,11615,0.54793,0.0027,0.0027
6,11625,0.54793,0.0027,0.0027
6,11635,0.54793,0.0027,0.0027
6,11645,0.54793,0.0027,0.0027
6,11655,0.54793,0.0027,0.0027
6,11665,0.54793,0.0027,0.0027
6,11675,0.54793,0.0027,0.0027
6,11685,0.54793,0.0027,0.0027
6,11695,0.54793,0.0027,0.0027
6,11705,0.54793,0.0027,0.0027
6,11715,0.54793,0.0027,0.0027
6,11725,0.54793,0.0027,0.0027
6,11735,0.54793,0.0027,0.0027
6,11745,0.54793,0.0027,0.0027
6,11755,0.54793,0.0027,0.0027
6,11765,0.54793,0.0027,0.0027
6,11775,0.54793,0.0027,0.0027
6,11785,0.54793,0.0027,0.0027
6,11795,0.54793,0.0027,0.0027
6,11805,0.54793,0.0027,0.0027
6,11815,0.54793,0.0027,0.0027
6,11825,0.54793,0.0027,0.0027
6,11835,0.54793,0.0027,0.0027
6,11845,0.54793,0.0027,0.0027
6,11855,0.54793,0.0027,0.0027
6,11865,0.54793,0.0027,0.0027
6,11875,0.54793,0.0027,0.0027
6,11885,0.54793,0.0027,0.0027
6,11895,0.54793,0.0027,0.0027
6,11905,0.54793,0.0027,0.0027
6,11915,0.54793,0.0027,0.0027
6,11925,0.54793,0.0027,0.0027
6,11935,0.54793,0.0027,0.0027
6,11945,0.54793,0.0027,0.0027
6,11955,0.54793,0.0027,0.0027
6,11965,0.54793,0.0027,0.0027
6,11975,0.54793,0.0027,0.0027
6,11985,0.54793,0.0027,0.0027
6,11995,0.54793,0.0027,0.0027
6.5,12005,0.44954,0.0029,0.0029
6.5,12015,0.44954,0.0029,0.0029
6.5,12025,0.44954,0.0029,0.0029
6.5,12035,0.44954,0.0029,0.0029
6.5,12045,0.44954,0.0029,0.0029
6.5,12055,0.44954,0.0029,0.0029
6.5,12065,0.44954,0.0029,0.0029
6.5,12075,0.44954,0.0029,0.0029
6.5,12085,0.44954,0.0029,0.0029
6.5,12095,0.44954,0.0029,0.0029
6.5,12105,0.44954,0.0029,0.0029
6.5,12115,0.44954,0.0029,0.0029
6.5,12125,0.44954,0.0029,0.0029
6.5,12135,0.44954,0.0029,0.0029
6.5,12145,0.44954,0.0029,0.0029
6.5,12155,0.44954,0.0029,0.0029
6.5,12165,0.44954,0.0029,0.0029
6.5,12175,0.44954,0.0029,0.0029
6.5,12185,0.44954,0.0029,0.0029
6.5,12195,0.44954,0.0029,0.0029
6.5,12205,0.44954,0.0029,0.0029
6.5,12215,0.44954,0.0029,0.0029
6.5,12225,0.44954,0.0029,0.0029
6.5,12235,0.44954,0.0029,0.0029
6.5,12245,0.44954,0.0029,0.0029
6.5,12255,0.44954,0.0029,0.0029
6.5,12265,0.44954,0.0029,0.0029
6.5,12275,0.44954,0.0029,0.0029
6.5,12285,0.44954,0.0029,0.0029
6.5,12295,0.44954,0.0029,0.0029
6.5,12305,0.44954,0.0029,0.0029
6.5,12315,0.44954,0.0029,0.0029
6.5,12325,0.44954,0.0029,0.0029
6.5,12335,0.44954,0.0029,0.0029
6.5,12345,0.44954,0.0029,0.0029
6.5,12355,0.44954,0.0029,0.0029
6.5,12365,0.44954,0.0029,0.0029
6.5,12375,0.44954,0.0029,0.0029
6.5,12385,0.44954,0.0029,0.0029
6.5,12395,0.44954,0.0029,0.0029
6.5,12405,0.44954,0.0029,0.0029
6.5,12415,0.44954,0.0029,0.0029
6.5,12425,0.44954,0.0029,0.0029
6.5,12435,0.44954,0.0029,0.0029
6.5,12445,0.44954,0.0029,0.0029
6.5,12455,0.44954,0.0029,0.0029
6.5,12465,0.44954,0.0029,0.0029
6.5,12475,0.44954,0.0029,0.0029
6.5,12485,0.44954,0.0029,0.0029
6.5,12495,0.44954,0.0029,0.0029
6.5,12505,0.44954,0.0029,0.0029
6.5,12515,0.44954,0.0029,0.0029
6.5,12525,0.44954,0.0029,0.0029
6.5,12535,0.44954,0.0029,0.0029
6.5,12545,0.44954,0.0029,0.0029
6.5,12555,0.44954,0.0029,0.0029
6.5,12565,0.44954,0.0029,0.0029
6.5,12575,0.44954,0.0029,0.0029
6.5,12585,0.44954,0.0029,0.0029
6.5,12595,0.44954,0.0029,0.0029
6.5,12605,0.44954,0.0029,0.0029
6.5,12615,0.44954,0.0029,0.0029
6.5,12625,0.44954,0.0029,0.0029
6.5,12635,0.44954,0.0029,0.0029
6.5,12645,0.44954,0.0029,0.0029
6.5,12655,0.44954,0.0029,0.0029
6.5,12665,0.44954,0.0029,0.0029
6.5,12675,0.44954,0.0029,0.0029
6.5,12685,0.44954,0.0029,0.0029
6.5,12695,0.44954,0.0029,0.0029
6.5,12705,0.44954,0.0029,0.0029
6.5,12715,0.44954,0.0029,0.0029
6.5,12725,0.44954,0.0029,0.0029
6.5,12735,0.44954,0.0029,0.0029
6.5,12745,0.44954,0.0029,0.0029
6.5,12755,0.44954,0.0029,0.0029
6.5,12765,0.44954,0.0029,0.0029
6.5,12775,0.44954,0.0029,0.0029
6.5,12785,0.44954,0.0029,0.0029
6.5,12795,0.44954,0.0029,0.0029
6.5,12805,0.44954,0.0029,0.0029
6.5,12815,0.44954,0.0029,0.0029
6.5,12825,0.44954,0.0029,0.0029
6.5,12835,0.44954,0.0029,0.0029
6.5,12845,0.44954,0.0029,0.0029
6.5,12855,0.44954,0.0029,0.0029
6.5,12865,0.44954,0.0029,0.0029
6.5,12875,0.44954,0.0029,0.0029
6.5,12885,0.44954,0.0029,0.0029
6.5,12895,0.44954,0.0029,0.0029
6.5,12905,0.44954,0.0029,0.0029
6.5,12915,0.44954,0.0029,0.0029
6.5,12925,0.44954,0.0029,0.0029
6.5,12935,0.44954,0.0029,0.0029
6.5,12945,0.44954,0.0029,0.0029
7,12955,0.45502,0.0029,0.0029
7,12965,0.45502,0.0029,0.0029
7,12975,0.45502,0.0029,0.0029
7,12985,0.45502,0.0029,0.0029
7,12995,0.45502,0.0029,0.0029
7,13005,0.45502,0.0029,0.0029
7,13015,0.45502,0.0029,0.0029
7,13025,0.45502,0.0029,0.0029
7,13035,0.45502,0.0029,0.0029
7,13045,0.45502,0.0029,0.0029
7,13055,0.45502,0.0029,0.0029
7,13065,0.45502,0.0029,0.0029
7,13075,0.45502,0.0029,0.0029
7,13085,0.45502,0.0029,0.0029
7,13095,0.45502,0.0029,0.0029
7,13105,0.45502,0.0029,0.0029
7,13115,0.45502,0.0029,0.0029
7,13125,0.45502,0.0029,0.0029
7,13135,0.45502,0.0029,0.0029
7,13145,0.45502,0.0029,0.0029
7,13155,0.45502,0.0029,0.0029
7,13165,0.45502,0.0029,0.0029
7,13175,0.45502,0.0029,0.0029
7,13185,0.45502,0.0029,0.0029
7,13195,0.45502,0.0029,0.0029
7,13205,0.45502,0.0029,0.0029
7,13215,0.45502,0.0029,0.0029
7,13225,0.45502,0.0029,0.0029
7,13235,0.45502,0.0029,0.0029
7,13245,0.45502,0.0029,0.0029
7,13255,0.45502,0.0029,0.0029
7,13265,0.45502,0.0029,0.0029
7,13275,0.45502,0.0029,0.0029
7,13285,0.45502,0.0029,0.0029
7,13295,0.45502,0.0029,0.0029
7,13305,0.45502,0.0029,0.0029
7,13315,0.45502,0.0029,0.0029
7,13325,0.45502,0.0029,0.0029
7,13335,0.45502,0.0029,0.0029
7,13345,0.45502,0.0029,0.0029
7,13355,0.45502,0.0029,0.0029
7,13365,0.45502,0.0029,0.0029
7,13375,0.45502,0.0029,0.0029
7,13385,0.45502,0.0029,0.0029
7,13395,0.45502,0.0029,0.0029
7,13405,0.45502,0.0029,0.0029
7,13415,0.45502,0.0029,0.0029
7,13425,0.45502,0.0029,0.0029
7,13435,0.45502,0.0029,0.0029
7,13445,0.45502,0.0029,0.0029
7,13455,0.45502,0.0029,0.0029
7,13465,0.45502,0.0029,0.0029
7,13475,0.45502,0.0029,0.0029
7,13485,0.45502,0.0029,0.0029
7,13495,0.45502,0.0029,0.0029
7,13505,0.45502,0.0029,0.0029
7,13515,0.45502,0.0029,0.0029
7,13525,0.45502,0.0029,0.0029
7,13535,0.45502,0.0029,0.0029
7,13545,0.45502,0.0029,0.0029
7,13555,0.45502,0.0029,0.0029
7,13565,0.45502,0.0029,0.0029
7,13575,0.45502,0.0029,0.0029
7,13585,0.45502,0.0029,0.0029
7,13595,0.45502,0.0029,0.0029
7,13605,0.45502,0.0029,0.0029
7,13615,0.45502,0.0029,0.0029
7,13625,0.45502,0.0029,0.0029
7,13635,0.45502,0.0029,0.0029
7,13645,0.45502,0.0029,0.0029
7,13655,0.45502,0.0029,0.0029
7,13665,0.45502,0.0029,0.0029
7,13675,0.45502,0.0029,0.0029
7,13685,0.45502,0.0029,0.0029
7,13695,0.45502,0.0029,0.0029
7,13705,0.45502,0.0029,0.0029
7,13715,0.45502,0.0029,0.0029
7,13725,0.45502,0.0029,0.0029
7,13735,0.45502,0.0029,0.0029
7,13745,0.45502,0.0029,0.0029
7,13755,0.45502,0.0029,0.0029
7,13765,0.45502,0.0029,0.0029
7,13775,0.45502,0.0029,0.0029
7,13785,0.45502,0.0029,0.0029
7,13795,0.45502,0.0029,0.0029
7,13805,0.45502,0.0029,0.0029
7,13815,0.45502,0.0029,0.0029
7,13825,0.45502,0.0029,0.0029
7,13835,0.45502,0.0029,0.0029
7,13845,0.45502,0.0029,0.0029
7,13855,0.45502,0.0029,0.0029
7,13865,0.45502,0.0029,0.0029
7.5,13875,0.47196,0.00225,0.00225
7.5,13885,0.47196,0.00225,0.00225
7.5,13895,0.47196,0.00225,0.00225
7.5,13905,0.47196,0.00225,0.00225
7.5,13915,0.47196,0.00225,0.00225
7.5,13925,0.47196,0.00225,0.00225
7.5,13935,0.47196,0.00225,0.00225
7.5,13945,0.47196,0.00225,0.00225
7.5,13955,0.47196,0.00225,0.00225
7.5,13965,0.47196,0.00225,0.00225
7.5,13975,0.47196,0.00225,0.00225
7.5,13985,0.47196,0.00225,0.00225
7.5,13995,0.47196,0.00225,0.00225
7.5,14005,0.47196,0.00225,0.00225
7.5,14015,0.47196,0.00225,0.00225
7.5,14025,0.47196,0.00225,0.00225
7.5,14035,0.47196,0.00225,0.00225
7.5,14045,0.47196,0.00225,0.00225
7.5,14055,0.47196,0.00225,0.00225
7.5,14065,0.47196,0.00225,0.00225
7.5,14075,0.47196,0.00225,0.00225
7.5,14085,0.47196,0.00225,0.00225
7.5,14095,0.47196,0.00225,0.00225
7.5,14105,0.47196,0.00225,0.00225
7.5,14115,0.47196,0.00225,0.00225
7.5,14125,0.47196,0.00225,0.00225
7.5,14135,0.47196,0.00225,0.00225
7.5,14145,0.47196,0.00225,0.00225
7.5,14155,0.47196,0.00225,0.00225
7.5,14165,0.47196,0.00225,0.00225
7.5,14175,0.47196,0.00225,0.00225
7.5,14185,0.47196,0.00225,0.00225
7.5,14195,0.47196,0.00225,0.00225
7.5,14205,0.47196,0.00225,0.00225
7.5,14215,0.47196,0.00225,0.00225
7.5,14225,0.47196,0.00225,0.00225
7.5,14235,0.47196,0.00225,0.00225
7.5,14245,0.47196,0.00225,0.00225
7.5,14255,0.47196,0.00225,0.00225
7.5,14265,0.47196,0.00225,0.00225
7.5,14275,0.47196,0.00225,0.00225
7.5,14285,0.47196,0.00225,0.00225
7.5,14295,0.47196,0.00225,0.00225
7.5,14305,0.47196,0.00225,0.00225
7.5,14315,0.47196,0.00225,0.00225
7.5,14325,0.47196,0.00225,0.00225
7.5,14335,0.47196,0.00225,0.00225
7.5,14345,0.47196,0.00225,0.00225
7.5,14355,0.47196,0.00225,0.00225
7.5,14365,0.47196,0.00225,0.00225
7.5,14375,0.47196,0.00225,0.00225
7.5,14385,0.47196,0.00225,0.00225
7.5,14395,0.47196,0.00225,0.00225
7.5,14405,0.47196,0.00225,0.00225
7.5,14415,0.47196,0.00225,0.00225
7.5,14425,0.47196,0.00225,0.00225
7.5,14435,0.47196,0.00225,0.00225
7.5,14445,0.47196,0.00225,0.00225
7.5,14455,0.47196,0.00225,0.00225
7.5,14465,0.47196,0.00225,0.00225
7.5,14475,0.47196,0.00225,0.00225
7.5,14485,0.47196,0.00225,0.00225
7.5,14495,0.47196,0.00225,0.00225
7.5,14505,0.47196,0.00225,0.00225
7.5,14515,0.47196,0.00225,0.00225
7.5,14525,0.47196,0.00225,0.00225
7.5,14535,0.47196,0.00225,0.00225
7.5,14545,0.47196,0.00225,0.00225
7.5,14555,0.47196,0.00225,0.00225
7.5,14565,0.47196,0.00225,0.00225
7.5,14575,0.47196,0.00225,0.00225
7.5,14585,0.47196,0.00225,0.00225
7.5,14595,0.47196,0.00225,0.00225
7.5,14605,0.47196,0.00225,0.00225
7.5,14615,0.47196,0.00225,0.00225
7.5,14625,0.47196,0.00225,0.00225
7.5,14635,0.47196,0.00225,0.00225
7.5,14645,0.47196,0.00225,0.00225
7.5,14655,0.47196,0.00225,0.00225
7.5,14665,0.47196,0.00225,0.00225
7.5,14675,0.47196,0.00225,0.00225
7.5,14685,0.47196,0.00225,0.00225
7.5,14695,0.47196,0.00225,0.00225
7.5,14705,0.47196,0.00225,0.00225
7.5,14715,0.47196,0.00225,0.00225
7.5,14725,0.47196,0.00225,0.00225
7.5,14735,0.47196,0.00225,0.00225
7.5,14745,0.47196,0.00225,0.00225
7.5,14755,0.47196,0.00225,0.00225
7.5,14765,0.47196,0.00225,0.00225
7.5,14775,0.47196,0.00225,0.00225
8,14785,0.42592,0.00216,0.00216
8,14795,0.42592,0.00216,0.00216
8,14805,0.42592,0.00216,0.00216
8,14815,0.42592,0.00216,0.00216
8,14825,0.42592,0.00216,0.00216
8,14835,0.42592,0.00216,0.00216
8,14845,0.42592,0.00216,0.00216
8,14855,0.42592,0.00216,0.00216
8,14865,0.42592,0.00216,0.00216
8,14875,0.42592,0.00216,0.00216
8,14885,0.42592,0.00216,0.00216
8,14895,0.42592,0.00216,0.00216
8,14905,0.42592,0.00216,0.00216
8,14915,0.42592,0.00216,0.00216
8,14925,0.42592,0.00216,0.00216
8,14935,0.42592,0.00216,0.00216
8,14945,0.42592,0.00216,0.00216
8,14955,0.42592,0.00216,0.00216
8,14965,0.42592,0.00216,0.00216
8,14975,0.42592,0.00216,0.00216
8,14985,0.42592,0.00216,0.00216
8,14995,0.42592,0.00216,0.00216
8,15005,0.42592,0.00216,0.00216
8,15015,0.42592,0.00216,0.00216
8,15025,0.42592,0.00216,0.00216
8,15035,0.42592,0.00216,0.00216
8,15045,0.42592,0.00216,0.00216
8,15055,0.42592,0.00216,0.00216
8,15065,0.42592,0.00216,0.00216
8,15075,0.42592,0.00216,0.00216
8,15085,0.42592,0.00216,0.00216
8,15095,0.42592,0.00216,0.00216
8,15105,0.42592,0.00216,0.00216
8,15115,0.42592,0.00216,0.00216
8,15125,0.42592,0.00216,0.00216
8,15135,0.42592,0.00216,0.00216
8,15145,0.42592,0.00216,0.00216
8,15155,0.42592,0.00216,0.00216
8,15165,0.42592,0.00216,0.00216
8,15175,0.42592,0.00216,0.00216
8,15185,0.42592,0.00216,0.00216
8,15195,0.42592,0.00216,0.00216
8,15205,0.42592,0.00216,0.00216
8,15215,0.42592,0.00216,0.00216
8,15225,0.42592,0.00216,0.00216
8,15235,0.42592,0.00216,0.00216
8,15245,0.42592,0.00216,0.00216
8,15255,0.42592,0.00216,0.00216
8,15265,0.42592,0.00216,0.00216
8,15275,0.42592,0.00216,0.00216
8,15285,0.42592,0.00216,0.00216
8,15295,0.42592,0.00216,0.00216
8,15305,0.42592,0.00216,0.00216
8,15315,0.42592,0.00216,0.00216
8,15325,0.42592,0.00216,0.00216
8,15335,0.42592,0.00216,0.00216
8,15345,0.42592,0.00216,0.00216
8,15355,0.42592,0.00216,0.00216
8,15365,0.42592,0.00216,0.00216
8,15375,0.42592,0.00216,0.00216
8,15385,0.42592,0.00216,0.00216
8,15395,0.42592,0.00216,0.00216
8,15405,0.42592,0.00216,0.00216
8,15415,0.42592,0.00216,0.00216
8,15425,0.42592,0.00216,0.00216
8,15435,0.42592,0.00216,0.00216
8,15445,0.42592,0.00216,0.00216
8,15455,0.42592,0.00216,0.00216
8,15465,0.42592,0.00216,0.00216
8,15475,0.42592,0.00216,0.00216
8,15485,0.42592,0.00216,0.00216
8,15495,0.42592,0.00216,0.00216
8,15505,0.42592,0.00216,0.00216
8,15515,0.42592,0.00216,0.00216
8,15525,0.42592,0.00216,0.00216
8,15535,0.42592,0.00216,0.00216
8,15545,0.42592,0.00216,0.00216
8,15555,0.42592,0.00216,0.00216
8,15565,0.42592,0.00216,0.00216
8,15575,0.42592,0.00216,0.00216
8,15585,0.42592,0.00216,0.00216
8,15595,0.42592,0.00216,0.00216
8,15605,0.42592,0.00216,0.00216
8,15615,0.42592,0.00216,0.00216
8,15625,0.42592,0.00216,0.00216
8,15635,0.42592,0.00216,0.00216
8,15645,0.42592,0.00216,0.00216
8,15655,0.42592,0.00216,0.00216
8,15665,0.42592,0.00216,0.00216
8,15675,0.42592,0.00216,0.00216
8,15685,0.42592,0.00216,0.00216
8,15695,0.42592,0.00216,0.00216
8,15705,0.42592,0.00216,0.00216
8,15715,0.42592,0.00216,0.00216
8,15725,0.42592,0.00216,0.00216
