range,tpr,tnr
5,0.71068,0.71068
15,0.71068,0.71068
25,0.71068,0.71068
35,0.71068,0.71068
45,0.71068,0.71068
55,0.71068,0.71068
65,0.71068,0.71068
75,0.71068,0.71068
85,0.71068,0.71068
95,0.71068,0.71068
105,0.71068,0.71068
115,0.71068,0.71068
125,0.71068,0.71068
135,0.71068,0.71068
145,0.71068,0.71068
155,0.71068,0.71068
165,0.71068,0.71068
175,0.71068,0.71068
185,0.71068,0.71068
195,0.71068,0.71068
205,0.71068,0.71068
215,0.71068,0.71068
225,0.71068,0.71068
235,0.71068,0.71068
245,0.71068,0.71068
255,0.71068,0.71068
265,0.71068,0.71068
275,0.71068,0.71068
285,0.71068,0.71068
295,0.71068,0.71068
305,0.71068,0.71068
315,0.71068,0.71068
325,0.71068,0.71068
335,0.71068,0.71068
345,0.71068,0.71068
355,0.71068,0.71068
365,0.71068,0.71068
375,0.71068,0.71068
385,0.71068,0.71068
395,0.71068,0.71068
405,0.71068,0.71068
415,0.71068,0.71068
425,0.71068,0.71068
435,0.71068,0.71068
445,0.71068,0.71068
455,0.71068,0.71068
465,0.86906,0.86906
475,0.86906,0.86906
485,0.86906,0.86906
495,0.86906,0.86906
505,0.86906,0.86906
515,0.86906,0.86906
525,0.86906,0.86906
535,0.86906,0.86906
545,0.86906,0.86906
555,0.86906,0.86906
565,0.86906,0.86906
575,0.86906,0.86906
585,0.86906,0.86906
595,0.86906,0.86906
605,0.86906,0.86906
615,0.86906,0.86906
625,0.86906,0.86906
635,0.86906,0.86906
645,0.86906,0.86906
655,0.86906,0.86906
665,0.86906,0.86906
675,0.86906,0.86906
685,0.86906,0.86906
695,0.86906,0.86906
705,0.86906,0.86906
715,0.86906,0.86906
725,0.86906,0.86906
735,0.86906,0.86906
745,0.86906,0.86906
755,0.86906,0.86906
765,0.86906,0.86906
775,0.86906,0.86906
785,0.86906,0.86906
795,0.86906,0.86906
805,0.86906,0.86906
815,0.86906,0.86906
825,0.86906,0.86906
835,0.86906,0.86906
845,0.86906,0.86906
855,0.86906,0.86906
865,0.86906,0.86906
875,0.86906,0.86906
885,0.86906,0.86906
895,0.86906,0.86906
905,0.86906,0.86906
915,0.86906,0.86906
925,0.86906,0.86906
935,0.93279,0.93279
945,0.93279,0.93279
955,0.93279,0.93279
965,0.93279,0.93279
975,0.93279,0.93279
985,0.93279,0.93279
995,0.93279,0.93279
1005,0.93279,0.93279
1015,0.93279,0.93279
1025,0.93279,0.93279
1035,0.93279,0.93279
1045,0.93279,0.93279
1055,0.93279,0.93279
1065,0.93279,0.93279
1075,0.93279,0.93279
1085,0.93279,0.93279
1095,0.93279,0.93279
1105,0.93279,0.93279
1115,0.93279,0.93279
1125,0.93279,0.93279
1135,0.93279,0.93279
1145,0.93279,0.93279
1155,0.93279,0.93279
1165,0.93279,0.93279
1175,0.93279,0.93279
1185,0.93279,0.93279
1195,0.93279,0.93279
1205,0.93279,0.93279
1215,0.93279,0.93279
1225,0.93279,0.93279
1235,0.93279,0.93279
1245,0.93279,0.93279
1255,0.93279,0.93279
1265,0.93279,0.93279
1275,0.93279,0.93279
1285,0.93279,0.93279
1295,0.93279,0.93279
1305,0.93279,0.93279
1315,0.93279,0.93279
1325,0.93279,0.93279
1335,0.93279,0.93279
1345,0.93279,0.93279
1355,0.93279,0.93279
1365,0.93279,0.93279
1375,0.93279,0.93279
1385,0.93279,0.93279
1395,0.93279,0.93279
1405,0.93279,0.93279
1415,0.93279,0.93279
1425,0.93279,0.93279
1435,0.93279,0.93279
1445,0.93279,0.93279
1455,0.93279,0.93279
1465,0.93279,0.93279
1475,0.93279,0.93279
1485,0.93279,0.93279
1495,0.93279,0.93279
1505,0.93279,0.93279
1515,0.93279,0.93279
1525,0.93279,0.93279
1535,0.93279,0.93279
1545,0.93279,0.93279
1555,0.93279,0.93279
1565,0.93279,0.93279
1575,0.93279,0.93279
1585,0.93279,0.93279
1595,0.93279,0.93279
1605,0.93279,0.93279
1615,0.93279,0.93279
1625,0.93279,0.93279
1635,0.93279,0.93279
1645,0.93279,0.93279
1655,0.93279,0.93279
1665,0.93279,0.93279
1675,0.93279,0.93279
1685,0.93279,0.93279
1695,0.93279,0.93279
1705,0.93279,0.93279
1715,0.93279,0.93279
1725,0.93279,0.93279
1735,0.93279,0.93279
1745,0.93279,0.93279
1755,0.93279,0.93279
1765,0.93279,0.93279
1775,0.93279,0.93279
1785,0.93279,0.93279
1795,0.93279,0.93279
1805,0.93279,0.93279
1815,0.93279,0.93279
1825,0.93279,0.93279
1835,0.93279,0.93279
1845,0.93279,0.93279
1855,0.92076,0.92076
1865,0.92076,0.92076
1875,0.92076,0.92076
1885,0.92076,0.92076
1895,0.92076,0.92076
1905,0.92076,0.92076
1915,0.92076,0.92076
1925,0.92076,0.92076
1935,0.92076,0.92076
1945,0.92076,0.92076
1955,0.92076,0.92076
1965,0.92076,0.92076
1975,0.92076,0.92076
1985,0.92076,0.92076
1995,0.92076,0.92076
2005,0.92076,0.92076
2015,0.92076,0.92076
2025,0.92076,0.92076
2035,0.92076,0.92076
2045,0.92076,0.92076
2055,0.92076,0.92076
2065,0.92076,0.92076
2075,0.92076,0.92076
2085,0.92076,0.92076
2095,0.92076,0.92076
2105,0.92076,0.92076
2115,0.92076,0.92076
2125,0.92076,0.92076
2135,0.92076,0.92076
2145,0.92076,0.92076
2155,0.92076,0.92076
2165,0.92076,0.92076
2175,0.92076,0.92076
2185,0.92076,0.92076
2195,0.92076,0.92076
2205,0.92076,0.92076
2215,0.92076,0.92076
2225,0.92076,0.92076
2235,0.92076,0.92076
2245,0.92076,0.92076
2255,0.92076,0.92076
2265,0.92076,0.92076
2275,0.92076,0.92076
2285,0.92076,0.92076
2295,0.92076,0.92076
2305,0.92076,0.92076
2315,0.92076,0.92076
2325,0.92076,0.92076
2335,0.92076,0.92076
2345,0.92076,0.92076
2355,0.92076,0.92076
2365,0.92076,0.92076
2375,0.92076,0.92076
2385,0.92076,0.92076
2395,0.92076,0.92076
2405,0.92076,0.92076
2415,0.92076,0.92076
2425,0.92076,0.92076
2435,0.92076,0.92076
2445,0.92076,0.92076
2455,0.92076,0.92076
2465,0.92076,0.92076
2475,0.92076,0.92076
2485,0.92076,0.92076
2495,0.92076,0.92076
2505,0.92076,0.92076
2515,0.92076,0.92076
2525,0.92076,0.92076
2535,0.92076,0.92076
2545,0.92076,0.92076
2555,0.92076,0.92076
2565,0.92076,0.92076
2575,0.92076,0.92076
2585,0.92076,0.92076
2595,0.92076,0.92076
2605,0.92076,0.92076
2615,0.92076,0.92076
2625,0.92076,0.92076
2635,0.92076,0.92076
2645,0.92076,0.92076
2655,0.92076,0.92076
2665,0.92076,0.92076
2675,0.92076,0.92076
2685,0.92076,0.92076
2695,0.92076,0.92076
2705,0.92076,0.92076
2715,0.92076,0.92076
2725,0.92076,0.92076
2735,0.92076,0.92076
2745,0.92076,0.92076
2755,0.92076,0.92076
2765,0.92076,0.92076
2775,0.89884,0.89884
2785,0.89884,0.89884
2795,0.89884,0.89884
2805,0.89884,0.89884
2815,0.89884,0.89884
2825,0.89884,0.89884
2835,0.89884,0.89884
2845,0.89884,0.89884
2855,0.89884,0.89884
2865,0.89884,0.89884
2875,0.89884,0.89884
2885,0.89884,0.89884
2895,0.89884,0.89884
2905,0.89884,0.89884
2915,0.89884,0.89884
2925,0.89884,0.89884
2935,0.89884,0.89884
2945,0.89884,0.89884
2955,0.89884,0.89884
2965,0.89884,0.89884
2975,0.89884,0.89884
2985,0.89884,0.89884
2995,0.89884,0.89884
3005,0.89884,0.89884
3015,0.89884,0.89884
3025,0.89884,0.89884
3035,0.89884,0.89884
3045,0.89884,0.89884
3055,0.89884,0.89884
3065,0.89884,0.89884
3075,0.89884,0.89884
3085,0.89884,0.89884
3095,0.89884,0.89884
3105,0.89884,0.89884
3115,0.89884,0.89884
3125,0.89884,0.89884
3135,0.89884,0.89884
3145,0.89884,0.89884
3155,0.89884,0.89884
3165,0.89884,0.89884
3175,0.89884,0.89884
3185,0.89884,0.89884
3195,0.89884,0.89884
3205,0.89884,0.89884
3215,0.89884,0.89884
3225,0.89884,0.89884
3235,0.89884,0.89884
3245,0.89884,0.89884
3255,0.89884,0.89884
3265,0.89884,0.89884
3275,0.89884,0.89884
3285,0.89884,0.89884
3295,0.89884,0.89884
3305,0.89884,0.89884
3315,0.89884,0.89884
3325,0.89884,0.89884
3335,0.89884,0.89884
3345,0.89884,0.89884
3355,0.89884,0.89884
3365,0.89884,0.89884
3375,0.89884,0.89884
3385,0.89884,0.89884
3395,0.89884,0.89884
3405,0.89884,0.89884
3415,0.89884,0.89884
3425,0.89884,0.89884
3435,0.89884,0.89884
3445,0.89884,0.89884
3455,0.89884,0.89884
3465,0.89884,0.89884
3475,0.89884,0.89884
3485,0.89884,0.89884
3495,0.89884,0.89884
3505,0.89884,0.89884
3515,0.89884,0.89884
3525,0.89884,0.89884
3535,0.89884,0.89884
3545,0.89884,0.89884
3555,0.89884,0.89884
3565,0.89884,0.89884
3575,0.89884,0.89884
3585,0.89884,0.89884
3595,0.89884,0.89884
3605,0.89884,0.89884
3615,0.89884,0.89884
3625,0.89884,0.89884
3635,0.89884,0.89884
3645,0.89884,0.89884
3655,0.89884,0.89884
3665,0.89884,0.89884
3675,0.89884,0.89884
3685,0.89884,0.89884
3695,0.89884,0.89884
3705,0.85121,0.85121
3715,0.85121,0.85121
3725,0.85121,0.85121
3735,0.85121,0.85121
3745,0.85121,0.85121
3755,0.85121,0.85121
3765,0.85121,0.85121
3775,0.85121,0.85121
3785,0.85121,0.85121
3795,0.85121,0.85121
3805,0.85121,0.85121
3815,0.85121,0.85121
3825,0.85121,0.85121
3835,0.85121,0.85121
3845,0.85121,0.85121
3855,0.85121,0.85121
3865,0.85121,0.85121
3875,0.85121,0.85121
3885,0.85121,0.85121
3895,0.85121,0.85121
3905,0.85121,0.85121
3915,0.85121,0.85121
3925,0.85121,0.85121
3935,0.85121,0.85121
3945,0.85121,0.85121
3955,0.85121,0.85121
3965,0.85121,0.85121
3975,0.85121,0.85121
3985,0.85121,0.85121
3995,0.85121,0.85121
4005,0.85121,0.85121
4015,0.85121,0.85121
4025,0.85121,0.85121
4035,0.85121,0.85121
4045,0.85121,0.85121
4055,0.85121,0.85121
4065,0.85121,0.85121
4075,0.85121,0.85121
4085,0.85121,0.85121
4095,0.85121,0.85121
4105,0.85121,0.85121
4115,0.85121,0.85121
4125,0.85121,0.85121
4135,0.85121,0.85121
4145,0.85121,0.85121
4155,0.85121,0.85121
4165,0.85121,0.85121
4175,0.85121,0.85121
4185,0.85121,0.85121
4195,0.85121,0.85121
4205,0.85121,0.85121
4215,0.85121,0.85121
4225,0.85121,0.85121
4235,0.85121,0.85121
4245,0.85121,0.85121
4255,0.85121,0.85121
4265,0.85121,0.85121
4275,0.85121,0.85121
4285,0.85121,0.85121
4295,0.85121,0.85121
4305,0.85121,0.85121
4315,0.85121,0.85121
4325,0.85121,0.85121
4335,0.85121,0.85121
4345,0.85121,0.85121
4355,0.85121,0.85121
4365,0.85121,0.85121
4375,0.85121,0.85121
4385,0.85121,0.85121
4395,0.85121,0.85121
4405,0.85121,0.85121
4415,0.85121,0.85121
4425,0.85121,0.85121
4435,0.85121,0.85121
4445,0.85121,0.85121
4455,0.85121,0.85121
4465,0.85121,0.85121
4475,0.85121,0.85121
4485,0.85121,0.85121
4495,0.85121,0.85121
4505,0.85121,0.85121
4515,0.85121,0.85121
4525,0.85121,0.85121
4535,0.85121,0.85121
4545,0.85121,0.85121
4555,0.85121,0.85121
4565,0.85121,0.85121
4575,0.85121,0.85121
4585,0.85121,0.85121
4595,0.85121,0.85121
4605,0.85121,0.85121
4615,0.85121,0.85121
4625,0.79741,0.79741
4635,0.79741,0.79741
4645,0.79741,0.79741
4655,0.79741,0.79741
4665,0.79741,0.79741
4675,0.79741,0.79741
4685,0.79741,0.79741
4695,0.79741,0.79741
4705,0.79741,0.79741
4715,0.79741,0.79741
4725,0.79741,0.79741
4735,0.79741,0.79741
4745,0.79741,0.79741
4755,0.79741,0.79741
4765,0.79741,0.79741
4775,0.79741,0.79741
4785,0.79741,0.79741
4795,0.79741,0.79741
4805,0.79741,0.79741
4815,0.79741,0.79741
4825,0.79741,0.79741
4835,0.79741,0.79741
4845,0.79741,0.79741
4855,0.79741,0.79741
4865,0.79741,0.79741
4875,0.79741,0.79741
4885,0.79741,0.79741
4895,0.79741,0.79741
4905,0.79741,0.79741
4915,0.79741,0.79741
4925,0.79741,0.79741
4935,0.79741,0.79741
4945,0.79741,0.79741
4955,0.79741,0.79741
4965,0.79741,0.79741
4975,0.79741,0.79741
4985,0.79741,0.79741
4995,0.79741,0.79741
5005,0.79741,0.79741
5015,0.79741,0.79741
5025,0.79741,0.79741
5035,0.79741,0.79741
5045,0.79741,0.79741
5055,0.79741,0.79741
5065,0.79741,0.79741
5075,0.79741,0.79741
5085,0.79741,0.79741
5095,0.79741,0.79741
5105,0.79741,0.79741
5115,0.79741,0.79741
5125,0.79741,0.79741
5135,0.79741,0.79741
5145,0.79741,0.79741
5155,0.79741,0.79741
5165,0.79741,0.79741
5175,0.79741,0.79741
5185,0.79741,0.79741
5195,0.79741,0.79741
5205,0.79741,0.79741
5215,0.79741,0.79741
5225,0.79741,0.79741
5235,0.79741,0.79741
5245,0.79741,0.79741
5255,0.79741,0.79741
5265,0.79741,0.79741
5275,0.79741,0.79741
5285,0.79741,0.79741
5295,0.79741,0.79741
5305,0.79741,0.79741
5315,0.79741,0.79741
5325,0.79741,0.79741
5335,0.79741,0.79741
5345,0.79741,0.79741
5355,0.79741,0.79741
5365,0.79741,0.79741
5375,0.79741,0.79741
5385,0.79741,0.79741
5395,0.79741,0.79741
5405,0.79741,0.79741
5415,0.79741,0.79741
5425,0.79741,0.79741
5435,0.79741,0.79741
5445,0.79741,0.79741
5455,0.79741,0.79741
5465,0.79741,0.79741
5475,0.79741,0.79741
5485,0.79741,0.79741
5495,0.79741,0.79741
5505,0.79741,0.79741
5515,0.79741,0.79741
5525,0.79741,0.79741
5535,0.79741,0.79741
5545,0.79741,0.79741
5555,0.80716,0.80716
5565,0.80716,0.80716
5575,0.80716,0.80716
5585,0.80716,0.80716
5595,0.80716,0.80716
5605,0.80716,0.80716
5615,0.80716,0.80716
5625,0.80716,0.80716
5635,0.80716,0.80716
5645,0.80716,0.80716
5655,0.80716,0.80716
5665,0.80716,0.80716
5675,0.80716,0.80716
5685,0.80716,0.80716
5695,0.80716,0.80716
5705,0.80716,0.80716
5715,0.80716,0.80716
5725,0.80716,0.80716
5735,0.80716,0.80716
5745,0.80716,0.80716
5755,0.80716,0.80716
5765,0.80716,0.80716
5775,0.80716,0.80716
5785,0.80716,0.80716
5795,0.80716,0.80716
5805,0.80716,0.80716
5815,0.80716,0.80716
5825,0.80716,0.80716
5835,0.80716,0.80716
5845,0.80716,0.80716
5855,0.80716,0.80716
5865,0.80716,0.80716
5875,0.80716,0.80716
5885,0.80716,0.80716
5895,0.80716,0.80716
5905,0.80716,0.80716
5915,0.80716,0.80716
5925,0.80716,0.80716
5935,0.80716,0.80716
5945,0.80716,0.80716
5955,0.80716,0.80716
5965,0.80716,0.80716
5975,0.80716,0.80716
5985,0.80716,0.80716
5995,0.80716,0.80716
6005,0.80716,0.80716
6015,0.80716,0.80716
6025,0.80716,0.80716
6035,0.80716,0.80716
6045,0.80716,0.80716
6055,0.80716,0.80716
6065,0.80716,0.80716
6075,0.80716,0.80716
6085,0.80716,0.80716
6095,0.80716,0.80716
6105,0.80716,0.80716
6115,0.80716,0.80716
6125,0.80716,0.80716
6135,0.80716,0.80716
6145,0.80716,0.80716
6155,0.80716,0.80716
6165,0.80716,0.80716
6175,0.80716,0.80716
6185,0.80716,0.80716
6195,0.80716,0.80716
6205,0.80716,0.80716
6215,0.80716,0.80716
6225,0.80716,0.80716
6235,0.80716,0.80716
6245,0.80716,0.80716
6255,0.80716,0.80716
6265,0.80716,0.80716
6275,0.80716,0.80716
6285,0.80716,0.80716
6295,0.80716,0.80716
6305,0.80716,0.80716
6315,0.80716,0.80716
6325,0.80716,0.80716
6335,0.80716,0.80716
6345,0.80716,0.80716
6355,0.80716,0.80716
6365,0.80716,0.80716
6375,0.80716,0.80716
6385,0.80716,0.80716
6395,0.80716,0.80716
6405,0.80716,0.80716
6415,0.80716,0.80716
6425,0.80716,0.80716
6435,0.80716,0.80716
6445,0.80716,0.80716
6455,0.80716,0.80716
6465,0.80716,0.80716
6475,0.7966,0.7966
6485,0.7966,0.7966
6495,0.7966,0.7966
6505,0.7966,0.7966
6515,0.7966,0.7966
6525,0.7966,0.7966
6535,0.7966,0.7966
6545,0.7966,0.7966
6555,0.7966,0.7966
6565,0.7966,0.7966
6575,0.7966,0.7966
6585,0.7966,0.7966
6595,0.7966,0.7966
6605,0.7966,0.7966
6615,0.7966,0.7966
6625,0.7966,0.7966
6635,0.7966,0.7966
6645,0.7966,0.7966
6655,0.7966,0.7966
6665,0.7966,0.7966
6675,0.7966,0.7966
6685,0.7966,0.7966
6695,0.7966,0.7966
6705,0.7966,0.7966
6715,0.7966,0.7966
6725,0.7966,0.7966
6735,0.7966,0.7966
6745,0.7966,0.7966
6755,0.7966,0.7966
6765,0.7966,0.7966
6775,0.7966,0.7966
6785,0.7966,0.7966
6795,0.7966,0.7966
6805,0.7966,0.7966
6815,0.7966,0.7966
6825,0.7966,0.7966
6835,0.7966,0.7966
6845,0.7966,0.7966
6855,0.7966,0.7966
6865,0.7966,0.7966
6875,0.7966,0.7966
6885,0.7966,0.7966
6895,0.7966,0.7966
6905,0.7966,0.7966
6915,0.7966,0.7966
6925,0.7966,0.7966
6935,0.7966,0.7966
6945,0.7966,0.7966
6955,0.7966,0.7966
6965,0.7966,0.7966
6975,0.7966,0.7966
6985,0.7966,0.7966
6995,0.7966,0.7966
7005,0.7966,0.7966
7015,0.7966,0.7966
7025,0.7966,0.7966
7035,0.7966,0.7966
7045,0.7966,0.7966
7055,0.7966,0.7966
7065,0.7966,0.7966
7075,0.7966,0.7966
7085,0.7966,0.7966
7095,0.7966,0.7966
7105,0.7966,0.7966
7115,0.7966,0.7966
7125,0.7966,0.7966
7135,0.7966,0.7966
7145,0.7966,0.7966
7155,0.7966,0.7966
7165,0.7966,0.7966
7175,0.7966,0.7966
7185,0.7966,0.7966
7195,0.7966,0.7966
7205,0.7966,0.7966
7215,0.7966,0.7966
7225,0.7966,0.7966
7235,0.7966,0.7966
7245,0.7966,0.7966
7255,0.7966,0.7966
7265,0.7966,0.7966
7275,0.7966,0.7966
7285,0.7966,0.7966
7295,0.7966,0.7966
7305,0.7966,0.7966
7315,0.7966,0.7966
7325,0.7966,0.7966
7335,0.7966,0.7966
7345,0.7966,0.7966
7355,0.7966,0.7966
7365,0.7966,0.7966
7375,0.7966,0.7966
7385,0.7966,0.7966
7395,0.7966,0.7966
7405,0.74737,0.74737
7415,0.74737,0.74737
7425,0.74737,0.74737
7435,0.74737,0.74737
7445,0.74737,0.74737
7455,0.74737,0.74737
7465,0.74737,0.74737
7475,0.74737,0.74737
7485,0.74737,0.74737
7495,0.74737,0.74737
7505,0.74737,0.74737
7515,0.74737,0.74737
7525,0.74737,0.74737
7535,0.74737,0.74737
7545,0.74737,0.74737
7555,0.74737,0.74737
7565,0.74737,0.74737
7575,0.74737,0.74737
7585,0.74737,0.74737
7595,0.74737,0.74737
7605,0.74737,0.74737
7615,0.74737,0.74737
7625,0.74737,0.74737
7635,0.74737,0.74737
7645,0.74737,0.74737
7655,0.74737,0.74737
7665,0.74737,0.74737
7675,0.74737,0.74737
7685,0.74737,0.74737
7695,0.74737,0.74737
7705,0.74737,0.74737
7715,0.74737,0.74737
7725,0.74737,0.74737
7735,0.74737,0.74737
7745,0.74737,0.74737
7755,0.74737,0.74737
7765,0.74737,0.74737
7775,0.74737,0.74737
7785,0.74737,0.74737
7795,0.74737,0.74737
7805,0.74737,0.74737
7815,0.74737,0.74737
7825,0.74737,0.74737
7835,0.74737,0.74737
7845,0.74737,0.74737
7855,0.74737,0.74737
7865,0.74737,0.74737
7875,0.74737,0.74737
7885,0.74737,0.74737
7895,0.74737,0.74737
7905,0.74737,0.74737
7915,0.74737,0.74737
7925,0.74737,0.74737
7935,0.74737,0.74737
7945,0.74737,0.74737
7955,0.74737,0.74737
7965,0.74737,0.74737
7975,0.74737,0.74737
7985,0.74737,0.74737
7995,0.74737,0.74737
8005,0.74737,0.74737
8015,0.74737,0.74737
8025,0.74737,0.74737
8035,0.74737,0.74737
8045,0.74737,0.74737
8055,0.74737,0.74737
8065,0.74737,0.74737
8075,0.74737,0.74737
8085,0.74737,0.74737
8095,0.74737,0.74737
8105,0.74737,0.74737
8115,0.74737,0.74737
8125,0.74737,0.74737
8135,0.74737,0.74737
8145,0.74737,0.74737
8155,0.74737,0.74737
8165,0.74737,0.74737
8175,0.74737,0.74737
8185,0.74737,0.74737
8195,0.74737,0.74737
8205,0.74737,0.74737
8215,0.74737,0.74737
8225,0.74737,0.74737
8235,0.74737,0.74737
8245,0.74737,0.74737
8255,0.74737,0.74737
8265,0.74737,0.74737
8275,0.74737,0.74737
8285,0.74737,0.74737
8295,0.74737,0.74737
8305,0.74737,0.74737
8315,0.74737,0.74737
8325,0.73802,0.73802
8335,0.73802,0.73802
8345,0.73802,0.73802
8355,0.73802,0.73802
8365,0.73802,0.73802
8375,0.73802,0.73802
8385,0.73802,0.73802
8395,0.73802,0.73802
8405,0.73802,0.73802
8415,0.73802,0.73802
8425,0.73802,0.73802
8435,0.73802,0.73802
8445,0.73802,0.73802
8455,0.73802,0.73802
8465,0.73802,0.73802
8475,0.73802,0.73802
8485,0.73802,0.73802
8495,0.73802,0.73802
8505,0.73802,0.73802
8515,0.73802,0.73802
8525,0.73802,0.73802
8535,0.73802,0.73802
8545,0.73802,0.73802
8555,0.73802,0.73802
8565,0.73802,0.73802
8575,0.73802,0.73802
8585,0.73802,0.73802
8595,0.73802,0.73802
8605,0.73802,0.73802
8615,0.73802,0.73802
8625,0.73802,0.73802
8635,0.73802,0.73802
8645,0.73802,0.73802
8655,0.73802,0.73802
8665,0.73802,0.73802
8675,0.73802,0.73802
8685,0.73802,0.73802
8695,0.73802,0.73802
8705,0.73802,0.73802
8715,0.73802,0.73802
8725,0.73802,0.73802
8735,0.73802,0.73802
8745,0.73802,0.73802
8755,0.73802,0.73802
8765,0.73802,0.73802
8775,0.73802,0.73802
8785,0.73802,0.73802
8795,0.73802,0.73802
8805,0.73802,0.73802
8815,0.73802,0.73802
8825,0.73802,0.73802
8835,0.73802,0.73802
8845,0.73802,0.73802
8855,0.73802,0.73802
8865,0.73802,0.73802
8875,0.73802,0.73802
8885,0.73802,0.73802
8895,0.73802,0.73802
8905,0.73802,0.73802
8915,0.73802,0.73802
8925,0.73802,0.73802
8935,0.73802,0.73802
8945,0.73802,0.73802
8955,0.73802,0.73802
8965,0.73802,0.73802
8975,0.73802,0.73802
8985,0.73802,0.73802
8995,0.73802,0.73802
9005,0.73802,0.73802
9015,0.73802,0.73802
9025,0.73802,0.73802
9035,0.73802,0.73802
9045,0.73802,0.73802
9055,0.73802,0.73802
9065,0.73802,0.73802
9075,0.73802,0.73802
9085,0.73802,0.73802
9095,0.73802,0.73802
9105,0.73802,0.73802
9115,0.73802,0.73802
9125,0.73802,0.73802
9135,0.73802,0.73802
9145,0.73802,0.73802
9155,0.73802,0.73802
9165,0.73802,0.73802
9175,0.73802,0.73802
9185,0.73802,0.73802
9195,0.73802,0.73802
9205,0.73802,0.73802
9215,0.73802,0.73802
9225,0.73802,0.73802
9235,0.73802,0.73802
9245,0.73802,0.73802
9255,0.71379,0.71379
9265,0.71379,0.71379
9275,0.71379,0.71379
9285,0.71379,0.71379
9295,0.71379,0.71379
9305,0.71379,0.71379
9315,0.71379,0.71379
9325,0.71379,0.71379
9335,0.71379,0.71379
9345,0.71379,0.71379
9355,0.71379,0.71379
9365,0.71379,0.71379
9375,0.71379,0.71379
9385,0.71379,0.71379
9395,0.71379,0.71379
9405,0.71379,0.71379
9415,0.71379,0.71379
9425,0.71379,0.71379
9435,0.71379,0.71379
9445,0.71379,0.71379
9455,0.71379,0.71379
9465,0.71379,0.71379
9475,0.71379,0.71379
9485,0.71379,0.71379
9495,0.71379,0.71379
9505,0.71379,0.71379
9515,0.71379,0.71379
9525,0.71379,0.71379
9535,0.71379,0.71379
9545,0.71379,0.71379
9555,0.71379,0.71379
9565,0.71379,0.71379
9575,0.71379,0.71379
9585,0.71379,0.71379
9595,0.71379,0.71379
9605,0.71379,0.71379
9615,0.71379,0.71379
9625,0.71379,0.71379
9635,0.71379,0.71379
9645,0.71379,0.71379
9655,0.71379,0.71379
9665,0.71379,0.71379
9675,0.71379,0.71379
9685,0.71379,0.71379
9695,0.71379,0.71379
9705,0.71379,0.71379
9715,0.71379,0.71379
9725,0.71379,0.71379
9735,0.71379,0.71379
9745,0.71379,0.71379
9755,0.71379,0.71379
9765,0.71379,0.71379
9775,0.71379,0.71379
9785,0.71379,0.71379
9795,0.71379,0.71379
9805,0.71379,0.71379
9815,0.71379,0.71379
9825,0.71379,0.71379
9835,0.71379,0.71379
9845,0.71379,0.71379
9855,0.71379,0.71379
9865,0.71379,0.71379
9875,0.71379,0.71379
9885,0.71379,0.71379
9895,0.71379,0.71379
9905,0.71379,0.71379
9915,0.71379,0.71379
9925,0.71379,0.71379
9935,0.71379,0.71379
9945,0.71379,0.71379
9955,0.71379,0.71379
9965,0.71379,0.71379
9975,0.71379,0.71379
9985,0.71379,0.71379
9995,0.71379,0.71379
10005,0.71379,0.71379
10015,0.71379,0.71379
10025,0.71379,0.71379
10035,0.71379,0.71379
10045,0.71379,0.71379
10055,0.71379,0.71379
10065,0.71379,0.71379
10075,0.71379,0.71379
10085,0.71379,0.71379
10095,0.71379,0.71379
10105,0.71379,0.71379
10115,0.71379,0.71379
10125,0.71379,0.71379
10135,0.71379,0.71379
10145,0.71379,0.71379
10155,0.71379,0.71379
10165,0.71379,0.71379
10175,0.58062,0.58062
10185,0.58062,0.58062
10195,0.58062,0.58062
10205,0.58062,0.58062
10215,0.58062,0.58062
10225,0.58062,0.58062
10235,0.58062,0.58062
10245,0.58062,0.58062
10255,0.58062,0.58062
10265,0.58062,0.58062
10275,0.58062,0.58062
10285,0.58062,0.58062
10295,0.58062,0.58062
10305,0.58062,0.58062
10315,0.58062,0.58062
10325,0.58062,0.58062
10335,0.58062,0.58062
10345,0.58062,0.58062
10355,0.58062,0.58062
10365,0.58062,0.58062
10375,0.58062,0.58062
10385,0.58062,0.58062
10395,0.58062,0.58062
10405,0.58062,0.58062
10415,0.58062,0.58062
10425,0.58062,0.58062
10435,0.58062,0.58062
10445,0.58062,0.58062
10455,0.58062,0.58062
10465,0.58062,0.58062
10475,0.58062,0.58062
10485,0.58062,0.58062
10495,0.58062,0.58062
10505,0.58062,0.58062
10515,0.58062,0.58062
10525,0.58062,0.58062
10535,0.58062,0.58062
10545,0.58062,0.58062
10555,0.58062,0.58062
10565,0.58062,0.58062
10575,0.58062,0.58062
10585,0.58062,0.58062
10595,0.58062,0.58062
10605,0.58062,0.58062
10615,0.58062,0.58062
10625,0.58062,0.58062
10635,0.58062,0.58062
10645,0.58062,0.58062
10655,0.58062,0.58062
10665,0.58062,0.58062
10675,0.58062,0.58062
10685,0.58062,0.58062
10695,0.58062,0.58062
10705,0.58062,0.58062
10715,0.58062,0.58062
10725,0.58062,0.58062
10735,0.58062,0.58062
10745,0.58062,0.58062
10755,0.58062,0.58062
10765,0.58062,0.58062
10775,0.58062,0.58062
10785,0.58062,0.58062
10795,0.58062,0.58062
10805,0.58062,0.58062
10815,0.58062,0.58062
10825,0.58062,0.58062
10835,0.58062,0.58062
10845,0.58062,0.58062
10855,0.58062,0.58062
10865,0.58062,0.58062
10875,0.58062,0.58062
10885,0.58062,0.58062
10895,0.58062,0.58062
10905,0.58062,0.58062
10915,0.58062,0.58062
10925,0.58062,0.58062
10935,0.58062,0.58062
10945,0.58062,0.58062
10955,0.58062,0.58062
10965,0.58062,0.58062
10975,0.58062,0.58062
10985,0.58062,0.58062
10995,0.58062,0.58062
11005,0.58062,0.58062
11015,0.58062,0.58062
11025,0.58062,0.58062
11035,0.58062,0.58062
11045,0.58062,0.58062
11055,0.58062,0.58062
11065,0.58062,0.58062
11075,0.58062,0.58062
11085,0.58062,0.58062
11095,0.58062,0.58062
11105,0.58062,0.58062
11115,0.58062,0.58062
11125,0.58062,0.58062
11135,0.58062,0.58062
11145,0.58062,0.58062
11155,0.58062,0.58062
11165,0.58062,0.58062
11175,0.54793,0.54793
11185,0.54793,0.54793
11195,0.54793,0.54793
11205,0.54793,0.54793
11215,0.54793,0.54793
11225,0.54793,0.54793
11235,0.54793,0.54793
11245,0.54793,0.54793
11255,0.54793,0.54793
11265,0.54793,0.54793
11275,0.54793,0.54793
11285,0.54793,0.54793
11295,0.54793,0.54793
11305,0.54793,0.54793
11315,0.54793,0.54793
11325,0.54793,0.54793
11335,0.54793,0.54793
11345,0.54793,0.54793
11355,0.54793,0.54793
11365,0.54793,0.54793
11375,0.54793,0.54793
11385,0.54793,0.54793
11395,0.54793,0.54793
11405,0.54793,0.54793
11415,0.54793,0.54793
11425,0.54793,0.54793
11435,0.54793,0.54793
11445,0.54793,0.54793
11455,0.54793,0.54793
11465,0.54793,0.54793
11475,0.54793,0.54793
11485,0.54793,0.54793
11495,0.54793,0.54793
11505,0.54793,0.54793
11515,0.54793,0.54793
11525,0.54793,0.54793
11535,0.54793,0.54793
11545,0.54793,0.54793
11555,0.54793,0.54793
11565,0.54793,0.54793
11575,0.54793,0.54793
11585,0.54793,0.54793
11595,0.54793,0.54793
11605,0.54793,0.54793
11615,0.54793,0.54793
11625,0.54793,0.54793
11635,0.54793,0.54793
11645,0.54793,0.54793
11655,0.54793,0.54793
11665,0.54793,0.54793
11675,0.54793,0.54793
11685,0.54793,0.54793
11695,0.54793,0.54793
11705,0.54793,0.54793
11715,0.54793,0.54793
11725,0.54793,0.54793
11735,0.54793,0.54793
11745,0.54793,0.54793
11755,0.54793,0.54793
11765,0.54793,0.54793
11775,0.54793,0.54793
11785,0.54793,0.54793
11795,0.54793,0.54793
11805,0.54793,0.54793
11815,0.54793,0.54793
11825,0.54793,0.54793
11835,0.54793,0.54793
11845,0.54793,0.54793
11855,0.54793,0.54793
11865,0.54793,0.54793
11875,0.54793,0.54793
11885,0.54793,0.54793
11895,0.54793,0.54793
11905,0.54793,0.54793
11915,0.54793,0.54793
11925,0.54793,0.54793
11935,0.54793,0.54793
11945,0.54793,0.54793
11955,0.54793,0.54793
11965,0.54793,0.54793
11975,0.54793,0.54793
11985,0.54793,0.54793
11995,0.54793,0.54793
12005,0.44954,0.44954
12015,0.44954,0.44954
12025,0.44954,0.44954
12035,0.44954,0.44954
12045,0.44954,0.44954
12055,0.44954,0.44954
12065,0.44954,0.44954
12075,0.44954,0.44954
12085,0.44954,0.44954
12095,0.44954,0.44954
12105,0.44954,0.44954
12115,0.44954,0.44954
12125,0.44954,0.44954
12135,0.44954,0.44954
12145,0.44954,0.44954
12155,0.44954,0.44954
12165,0.44954,0.44954
12175,0.44954,0.44954
12185,0.44954,0.44954
12195,0.44954,0.44954
12205,0.44954,0.44954
12215,0.44954,0.44954
12225,0.44954,0.44954
12235,0.44954,0.44954
12245,0.44954,0.44954
12255,0.44954,0.44954
12265,0.44954,0.44954
12275,0.44954,0.44954
12285,0.44954,0.44954
12295,0.44954,0.44954
12305,0.44954,0.44954
12315,0.44954,0.44954
12325,0.44954,0.44954
12335,0.44954,0.44954
12345,0.44954,0.44954
12355,0.44954,0.44954
12365,0.44954,0.44954
12375,0.44954,0.44954
12385,0.44954,0.44954
12395,0.44954,0.44954
12405,0.44954,0.44954
12415,0.44954,0.44954
12425,0.44954,0.44954
12435,0.44954,0.44954
12445,0.44954,0.44954
12455,0.44954,0.44954
12465,0.44954,0.44954
12475,0.44954,0.44954
12485,0.44954,0.44954
12495,0.44954,0.44954
12505,0.44954,0.44954
12515,0.44954,0.44954
12525,0.44954,0.44954
12535,0.44954,0.44954
12545,0.44954,0.44954
12555,0.44954,0.44954
12565,0.44954,0.44954
12575,0.44954,0.44954
12585,0.44954,0.44954
12595,0.44954,0.44954
12605,0.44954,0.44954
12615,0.44954,0.44954
12625,0.44954,0.44954
12635,0.44954,0.44954
12645,0.44954,0.44954
12655,0.44954,0.44954
12665,0.44954,0.44954
12675,0.44954,0.44954
12685,0.44954,0.44954
12695,0.44954,0.44954
12705,0.44954,0.44954
12715,0.44954,0.44954
12725,0.44954,0.44954
12735,0.44954,0.44954
12745,0.44954,0.44954
12755,0.44954,0.44954
12765,0.44954,0.44954
12775,0.44954,0.44954
12785,0.44954,0.44954
12795,0.44954,0.44954
12805,0.44954,0.44954
12815,0.44954,0.44954
12825,0.44954,0.44954
12835,0.44954,0.44954
12845,0.44954,0.44954
12855,0.44954,0.44954
12865,0.44954,0.44954
12875,0.44954,0.44954
12885,0.44954,0.44954
12895,0.44954,0.44954
12905,0.44954,0.44954
12915,0.44954,0.44954
12925,0.44954,0.44954
12935,0.44954,0.44954
12945,0.44954,0.44954
12955,0.45502,0.45502
12965,0.45502,0.45502
12975,0.45502,0.45502
12985,0.45502,0.45502
12995,0.45502,0.45502
13005,0.45502,0.45502
13015,0.45502,0.45502
13025,0.45502,0.45502
13035,0.45502,0.45502
13045,0.45502,0.45502
13055,0.45502,0.45502
13065,0.45502,0.45502
13075,0.45502,0.45502
13085,0.45502,0.45502
13095,0.45502,0.45502
13105,0.45502,0.45502
13115,0.45502,0.45502
13125,0.45502,0.45502
13135,0.45502,0.45502
13145,0.45502,0.45502
13155,0.45502,0.45502
13165,0.45502,0.45502
13175,0.45502,0.45502
13185,0.45502,0.45502
13195,0.45502,0.45502
13205,0.45502,0.45502
13215,0.45502,0.45502
13225,0.45502,0.45502
13235,0.45502,0.45502
13245,0.45502,0.45502
13255,0.45502,0.45502
13265,0.45502,0.45502
13275,0.45502,0.45502
13285,0.45502,0.45502
13295,0.45502,0.45502
13305,0.45502,0.45502
13315,0.45502,0.45502
13325,0.45502,0.45502
13335,0.45502,0.45502
13345,0.45502,0.45502
13355,0.45502,0.45502
13365,0.45502,0.45502
13375,0.45502,0.45502
13385,0.45502,0.45502
13395,0.45502,0.45502
13405,0.45502,0.45502
13415,0.45502,0.45502
13425,0.45502,0.45502
13435,0.45502,0.45502
13445,0.45502,0.45502
13455,0.45502,0.45502
13465,0.45502,0.45502
13475,0.45502,0.45502
13485,0.45502,0.45502
13495,0.45502,0.45502
13505,0.45502,0.45502
13515,0.45502,0.45502
13525,0.45502,0.45502
13535,0.45502,0.45502
13545,0.45502,0.45502
13555,0.45502,0.45502
13565,0.45502,0.45502
13575,0.45502,0.45502
13585,0.45502,0.45502
13595,0.45502,0.45502
13605,0.45502,0.45502
13615,0.45502,0.45502
13625,0.45502,0.45502
13635,0.45502,0.45502
13645,0.45502,0.45502
13655,0.45502,0.45502
13665,0.45502,0.45502
13675,0.45502,0.45502
13685,0.45502,0.45502
13695,0.45502,0.45502
13705,0.45502,0.45502
13715,0.45502,0.45502
13725,0.45502,0.45502
13735,0.45502,0.45502
13745,0.45502,0.45502
13755,0.45502,0.45502
13765,0.45502,0.45502
13775,0.45502,0.45502
13785,0.45502,0.45502
13795,0.45502,0.45502
13805,0.45502,0.45502
13815,0.45502,0.45502
13825,0.45502,0.45502
13835,0.45502,0.45502
13845,0.45502,0.45502
13855,0.45502,0.45502
13865,0.45502,0.45502
13875,0.47196,0.47196
13885,0.47196,0.47196
13895,0.47196,0.47196
13905,0.47196,0.47196
13915,0.47196,0.47196
13925,0.47196,0.47196
13935,0.47196,0.47196
13945,0.47196,0.47196
13955,0.47196,0.47196
13965,0.47196,0.47196
13975,0.47196,0.47196
13985,0.47196,0.47196
13995,0.47196,0.47196
14005,0.47196,0.47196
14015,0.47196,0.47196
14025,0.47196,0.47196
14035,0.47196,0.47196
14045,0.47196,0.47196
14055,0.47196,0.47196
14065,0.47196,0.47196
14075,0.47196,0.47196
14085,0.47196,0.47196
14095,0.47196,0.47196
14105,0.47196,0.47196
14115,0.47196,0.47196
14125,0.47196,0.47196
14135,0.47196,0.47196
14145,0.47196,0.47196
14155,0.47196,0.47196
14165,0.47196,0.47196
14175,0.47196,0.47196
14185,0.47196,0.47196
14195,0.47196,0.47196
14205,0.47196,0.47196
14215,0.47196,0.47196
14225,0.47196,0.47196
14235,0.47196,0.47196
14245,0.47196,0.47196
14255,0.47196,0.47196
14265,0.47196,0.47196
14275,0.47196,0.47196
14285,0.47196,0.47196
14295,0.47196,0.47196
14305,0.47196,0.47196
14315,0.47196,0.47196
14325,0.47196,0.47196
14335,0.47196,0.47196
14345,0.47196,0.47196
14355,0.47196,0.47196
14365,0.47196,0.47196
14375,0.47196,0.47196
14385,0.47196,0.47196
14395,0.47196,0.47196
14405,0.47196,0.47196
14415,0.47196,0.47196
14425,0.47196,0.47196
14435,0.47196,0.47196
14445,0.47196,0.47196
14455,0.47196,0.47196
14465,0.47196,0.47196
14475,0.47196,0.47196
14485,0.47196,0.47196
14495,0.47196,0.47196
14505,0.47196,0.47196
14515,0.47196,0.47196
14525,0.47196,0.47196
14535,0.47196,0.47196
14545,0.47196,0.47196
14555,0.47196,0.47196
14565,0.47196,0.47196
14575,0.47196,0.47196
14585,0.47196,0.47196
14595,0.47196,0.47196
14605,0.47196,0.47196
14615,0.47196,0.47196
14625,0.47196,0.47196
14635,0.47196,0.47196
14645,0.47196,0.47196
14655,0.47196,0.47196
14665,0.47196,0.47196
14675,0.47196,0.47196
14685,0.47196,0.47196
14695,0.47196,0.47196
14705,0.47196,0.47196
14715,0.47196,0.47196
14725,0.47196,0.47196
14735,0.47196,0.47196
14745,0.47196,0.47196
14755,0.47196,0.47196
14765,0.47196,0.47196
14775,0.47196,0.47196
14785,0.42592,0.42592
14795,0.42592,0.42592
14805,0.42592,0.42592
14815,0.42592,0.42592
14825,0.42592,0.42592
14835,0.42592,0.42592
14845,0.42592,0.42592
14855,0.42592,0.42592
14865,0.42592,0.42592
14875,0.42592,0.42592
14885,0.42592,0.42592
14895,0.42592,0.42592
14905,0.42592,0.42592
14915,0.42592,0.42592
14925,0.42592,0.42592
14935,0.42592,0.42592
14945,0.42592,0.42592
14955,0.42592,0.42592
14965,0.42592,0.42592
14975,0.42592,0.42592
14985,0.42592,0.42592
14995,0.42592,0.42592
15005,0.42592,0.42592
15015,0.42592,0.42592
15025,0.42592,0.42592
15035,0.42592,0.42592
15045,0.42592,0.42592
15055,0.42592,0.42592
15065,0.42592,0.42592
15075,0.42592,0.42592
15085,0.42592,0.42592
15095,0.42592,0.42592
15105,0.42592,0.42592
15115,0.42592,0.42592
15125,0.42592,0.42592
15135,0.42592,0.42592
15145,0.42592,0.42592
15155,0.42592,0.42592
15165,0.42592,0.42592
15175,0.42592,0.42592
15185,0.42592,0.42592
15195,0.42592,0.42592
15205,0.42592,0.42592
15215,0.42592,0.42592
15225,0.42592,0.42592
15235,0.42592,0.42592
15245,0.42592,0.42592
15255,0.42592,0.42592
15265,0.42592,0.42592
15275,0.42592,0.42592
15285,0.42592,0.42592
15295,0.42592,0.42592
15305,0.42592,0.42592
15315,0.42592,0.42592
15325,0.42592,0.42592
15335,0.42592,0.42592
15345,0.42592,0.42592
15355,0.42592,0.42592
15365,0.42592,0.42592
15375,0.42592,0.42592
15385,0.42592,0.42592
15395,0.42592,0.42592
15405,0.42592,0.42592
15415,0.42592,0.42592
15425,0.42592,0.42592
15435,0.42592,0.42592
15445,0.42592,0.42592
15455,0.42592,0.42592
15465,0.42592,0.42592
15475,0.42592,0.42592
15485,0.42592,0.42592
15495,0.42592,0.42592
15505,0.42592,0.42592
15515,0.42592,0.42592
15525,0.42592,0.42592
15535,0.42592,0.42592
15545,0.42592,0.42592
15555,0.42592,0.42592
15565,0.42592,0.42592
15575,0.42592,0.42592
15585,0.42592,0.42592
15595,0.42592,0.42592
15605,0.42592,0.42592
15615,0.42592,0.42592
15625,0.42592,0.42592
15635,0.42592,0.42592
15645,0.42592,0.42592
15655,0.42592,0.42592
15665,0.42592,0.42592
15675,0.42592,0.42592
15685,0.42592,0.42592
15695,0.42592,0.42592
15705,0.42592,0.42592
15715,0.42592,0.42592
15725,0.42592,0.42592
